run_id,run_dir,timestamp,symbol,mode,equity,or_n,k_tp,k_sl,k_tr,threshold_lcb,min_or_atr,rv_cuts,allow_low_rv,allowed_sessions,warmup,prior_alpha,prior_beta,include_expected_slip,rv_quantile,calibrate_days,ev_mode,size_floor,trades,wins,total_pips,sharpe,max_drawdown,win_rate,pnl_per_trade,state_path,gate_block,ev_reject,ev_bypass,dump_rows,state_loaded,state_archive_path,ev_profile_path
grid_USDJPY_conservative_or6_ktp1.0_ksl0.6_20250921_130118,runs/grid_USDJPY_conservative_or6_ktp1.0_ksl0.6_20250921_130118,20250921_130118,USDJPY,conservative,100000.0,6,1.0,0.6,,0.0,0.4,,True,,50,,,,,,,,99,59,-125.9714285714291,,,0.5959595959595959,-1.2724386724386778,runs/grid_USDJPY_conservative_or6_ktp1.0_ksl0.6_20250921_130118/state.json,177517,221994,6,,,,
grid_USDJPY_conservative_or4_ktp0.6_ksl0.4_20250921_130235,runs/grid_USDJPY_conservative_or4_ktp0.6_ksl0.4_20250921_130235,20250921_130235,USDJPY,conservative,100000.0,4,0.6,0.4,,0.0,0.4,,True,,50,,,,,,,,118,73,-126.78428571428634,,,0.6186440677966102,-1.0744430992736131,runs/grid_USDJPY_conservative_or4_ktp0.6_ksl0.4_20250921_130235/state.json,184442,240867,8,,,,
grid_USDJPY_conservative_or4_ktp0.6_ksl0.6_20250921_130246,runs/grid_USDJPY_conservative_or4_ktp0.6_ksl0.6_20250921_130246,20250921_130246,USDJPY,conservative,100000.0,4,0.6,0.6,,0.0,0.4,,True,,50,,,,,,,,83,59,-142.33714285714365,,,0.7108433734939759,-1.7149053356282367,runs/grid_USDJPY_conservative_or4_ktp0.6_ksl0.6_20250921_130246/state.json,184449,242032,10,,,,
grid_USDJPY_conservative_or4_ktp0.6_ksl0.8_20250921_130257,runs/grid_USDJPY_conservative_or4_ktp0.6_ksl0.8_20250921_130257,20250921_130257,USDJPY,conservative,100000.0,4,0.6,0.8,,0.0,0.4,,True,,50,,,,,,,,80,62,-83.1900000000013,,,0.775,-1.0398750000000163,runs/grid_USDJPY_conservative_or4_ktp0.6_ksl0.8_20250921_130257/state.json,184449,242540,13,,,,
grid_USDJPY_conservative_or4_ktp0.8_ksl0.4_20250921_130309,runs/grid_USDJPY_conservative_or4_ktp0.8_ksl0.4_20250921_130309,20250921_130309,USDJPY,conservative,100000.0,4,0.8,0.4,,0.0,0.4,,True,,50,,,,,,,,117,66,-67.00285714285377,,,0.5641025641025641,-0.5726739926739638,runs/grid_USDJPY_conservative_or4_ktp0.8_ksl0.4_20250921_130309/state.json,184449,240339,6,,,,
grid_USDJPY_conservative_or4_ktp0.8_ksl0.6_20250921_130320,runs/grid_USDJPY_conservative_or4_ktp0.8_ksl0.6_20250921_130320,20250921_130320,USDJPY,conservative,100000.0,4,0.8,0.6,,0.0,0.4,,True,,50,,,,,,,,93,61,-71.99857142857519,,,0.6559139784946236,-0.7741781874040343,runs/grid_USDJPY_conservative_or4_ktp0.8_ksl0.6_20250921_130320/state.json,184449,241675,8,,,,
grid_USDJPY_conservative_or4_ktp0.8_ksl0.8_20250921_130331,runs/grid_USDJPY_conservative_or4_ktp0.8_ksl0.8_20250921_130331,20250921_130331,USDJPY,conservative,100000.0,4,0.8,0.8,,0.0,0.4,,True,,50,,,,,,,,96,68,-77.3657142857171,,,0.7083333333333334,-0.8058928571428865,runs/grid_USDJPY_conservative_or4_ktp0.8_ksl0.8_20250921_130331/state.json,184449,241680,9,,,,
grid_USDJPY_conservative_or4_ktp1.0_ksl0.4_20250921_130342,runs/grid_USDJPY_conservative_or4_ktp1.0_ksl0.4_20250921_130342,20250921_130342,USDJPY,conservative,100000.0,4,1.0,0.4,,0.0,0.4,,True,,50,,,,,,,,148,75,-70.63285714285479,,,0.5067567567567568,-0.47724903474901886,runs/grid_USDJPY_conservative_or4_ktp1.0_ksl0.4_20250921_130342/state.json,184442,238799,5,,,,
grid_USDJPY_conservative_or4_ktp1.0_ksl0.6_20250921_130353,runs/grid_USDJPY_conservative_or4_ktp1.0_ksl0.6_20250921_130353,20250921_130353,USDJPY,conservative,100000.0,4,1.0,0.6,,0.0,0.4,,True,,50,,,,,,,,113,66,-36.79285714285095,,,0.584070796460177,-0.32560050568894644,runs/grid_USDJPY_conservative_or4_ktp1.0_ksl0.6_20250921_130353/state.json,184449,240940,6,,,,
grid_USDJPY_conservative_or4_ktp1.0_ksl0.8_20250921_130404,runs/grid_USDJPY_conservative_or4_ktp1.0_ksl0.8_20250921_130404,20250921_130404,USDJPY,conservative,100000.0,4,1.0,0.8,,0.0,0.4,,True,,50,,,,,,,,116,75,29.13142857144902,,,0.646551724137931,0.25113300492628465,runs/grid_USDJPY_conservative_or4_ktp1.0_ksl0.8_20250921_130404/state.json,184449,240726,7,,,,
grid_USDJPY_conservative_or4_ktp1.2_ksl0.4_20250921_130415,runs/grid_USDJPY_conservative_or4_ktp1.2_ksl0.4_20250921_130415,20250921_130415,USDJPY,conservative,100000.0,4,1.2,0.4,,0.0,0.4,,True,,50,,,,,,,,201,94,-59.03714285715057,,,0.46766169154228854,-0.2937171286425401,runs/grid_USDJPY_conservative_or4_ktp1.2_ksl0.4_20250921_130415/state.json,184442,237244,4,,,,
grid_USDJPY_conservative_or4_ktp1.2_ksl0.6_20250921_130425,runs/grid_USDJPY_conservative_or4_ktp1.2_ksl0.6_20250921_130425,20250921_130425,USDJPY,conservative,100000.0,4,1.2,0.6,,0.0,0.4,,True,,50,,,,,,,,138,75,-99.77571428571702,,,0.5434782608695652,-0.7230124223602682,runs/grid_USDJPY_conservative_or4_ktp1.2_ksl0.6_20250921_130425/state.json,184442,239690,5,,,,
grid_USDJPY_conservative_or4_ktp1.2_ksl0.8_20250921_130436,runs/grid_USDJPY_conservative_or4_ktp1.2_ksl0.8_20250921_130436,20250921_130436,USDJPY,conservative,100000.0,4,1.2,0.8,,0.0,0.4,,True,,50,,,,,,,,143,85,-1.1228571428571286,,,0.5944055944055944,-0.007852147852147752,runs/grid_USDJPY_conservative_or4_ktp1.2_ksl0.8_20250921_130436/state.json,184442,239703,6,,,,
grid_USDJPY_conservative_or6_ktp0.6_ksl0.4_20250921_130447,runs/grid_USDJPY_conservative_or6_ktp0.6_ksl0.4_20250921_130447,20250921_130447,USDJPY,conservative,100000.0,6,0.6,0.4,,0.0,0.4,,True,,50,,,,,,,,98,62,-105.7057142857081,,,0.6326530612244898,-1.0786297376092664,runs/grid_USDJPY_conservative_or6_ktp0.6_ksl0.4_20250921_130447/state.json,177517,222190,8,,,,
grid_USDJPY_conservative_or6_ktp0.6_ksl0.6_20250921_130458,runs/grid_USDJPY_conservative_or6_ktp0.6_ksl0.6_20250921_130458,20250921_130458,USDJPY,conservative,100000.0,6,0.6,0.6,,0.0,0.4,,True,,50,,,,,,,,81,58,-109.06571428571527,,,0.7160493827160493,-1.3464902998236454,runs/grid_USDJPY_conservative_or6_ktp0.6_ksl0.6_20250921_130458/state.json,177517,222609,10,,,,
grid_USDJPY_conservative_or6_ktp0.6_ksl0.8_20250921_130509,runs/grid_USDJPY_conservative_or6_ktp0.6_ksl0.8_20250921_130509,20250921_130509,USDJPY,conservative,100000.0,6,0.6,0.8,,0.0,0.4,,True,,50,,,,,,,,77,60,-126.0700000000009,,,0.7792207792207793,-1.637272727272739,runs/grid_USDJPY_conservative_or6_ktp0.6_ksl0.8_20250921_130509/state.json,177517,222908,13,,,,
grid_USDJPY_conservative_or6_ktp0.8_ksl0.4_20250921_130520,runs/grid_USDJPY_conservative_or6_ktp0.8_ksl0.4_20250921_130520,20250921_130520,USDJPY,conservative,100000.0,6,0.8,0.4,,0.0,0.4,,True,,50,,,,,,,,103,60,-124.06857142856745,,,0.5825242718446602,-1.2045492371705577,runs/grid_USDJPY_conservative_or6_ktp0.8_ksl0.4_20250921_130520/state.json,177517,221426,6,,,,
grid_USDJPY_conservative_or6_ktp0.8_ksl0.6_20250921_130531,runs/grid_USDJPY_conservative_or6_ktp0.8_ksl0.6_20250921_130531,20250921_130531,USDJPY,conservative,100000.0,6,0.8,0.6,,0.0,0.4,,True,,50,,,,,,,,89,58,-131.65857142857288,,,0.651685393258427,-1.4793097913322797,runs/grid_USDJPY_conservative_or6_ktp0.8_ksl0.6_20250921_130531/state.json,177517,222322,7,,,,
grid_USDJPY_conservative_or6_ktp0.8_ksl0.8_20250921_130542,runs/grid_USDJPY_conservative_or6_ktp0.8_ksl0.8_20250921_130542,20250921_130542,USDJPY,conservative,100000.0,6,0.8,0.8,,0.0,0.4,,True,,50,,,,,,,,88,63,-99.54285714285925,,,0.7159090909090909,-1.131168831168855,runs/grid_USDJPY_conservative_or6_ktp0.8_ksl0.8_20250921_130542/state.json,177517,222423,9,,,,
grid_USDJPY_conservative_or6_ktp1.0_ksl0.4_20250921_130553,runs/grid_USDJPY_conservative_or6_ktp1.0_ksl0.4_20250921_130553,20250921_130553,USDJPY,conservative,100000.0,6,1.0,0.4,,0.0,0.4,,True,,50,,,,,,,,147,74,-123.75000000000261,,,0.5034013605442177,-0.8418367346938953,runs/grid_USDJPY_conservative_or6_ktp1.0_ksl0.4_20250921_130553/state.json,177517,220052,5,,,,
grid_USDJPY_conservative_or6_ktp1.0_ksl0.6_20250921_130604,runs/grid_USDJPY_conservative_or6_ktp1.0_ksl0.6_20250921_130604,20250921_130604,USDJPY,conservative,100000.0,6,1.0,0.6,,0.0,0.4,,True,,50,,,,,,,,99,59,-125.9714285714291,,,0.5959595959595959,-1.2724386724386778,runs/grid_USDJPY_conservative_or6_ktp1.0_ksl0.6_20250921_130604/state.json,177517,221994,6,,,,
grid_USDJPY_conservative_or6_ktp1.0_ksl0.8_20250921_130615,runs/grid_USDJPY_conservative_or6_ktp1.0_ksl0.8_20250921_130615,20250921_130615,USDJPY,conservative,100000.0,6,1.0,0.8,,0.0,0.4,,True,,50,,,,,,,,158,101,-87.22857142858169,,,0.6392405063291139,-0.5520795660036816,runs/grid_USDJPY_conservative_or6_ktp1.0_ksl0.8_20250921_130615/state.json,177517,219936,7,,,,
grid_USDJPY_conservative_or6_ktp1.2_ksl0.4_20250921_130626,runs/grid_USDJPY_conservative_or6_ktp1.2_ksl0.4_20250921_130626,20250921_130626,USDJPY,conservative,100000.0,6,1.2,0.4,,0.0,0.4,,True,,50,,,,,,,,158,74,-133.01428571428397,,,0.46835443037974683,-0.8418625678119239,runs/grid_USDJPY_conservative_or6_ktp1.2_ksl0.4_20250921_130626/state.json,177517,219665,4,,,,
grid_USDJPY_conservative_or6_ktp1.2_ksl0.6_20250921_130637,runs/grid_USDJPY_conservative_or6_ktp1.2_ksl0.6_20250921_130637,20250921_130637,USDJPY,conservative,100000.0,6,1.2,0.6,,0.0,0.4,,True,,50,,,,,,,,117,66,-65.13999999999874,,,0.5641025641025641,-0.556752136752126,runs/grid_USDJPY_conservative_or6_ktp1.2_ksl0.6_20250921_130637/state.json,177517,220864,5,,,,
grid_USDJPY_conservative_or6_ktp1.2_ksl0.8_20250921_130648,runs/grid_USDJPY_conservative_or6_ktp1.2_ksl0.8_20250921_130648,20250921_130648,USDJPY,conservative,100000.0,6,1.2,0.8,,0.0,0.4,,True,,50,,,,,,,,170,102,-70.52285714286256,,,0.6,-0.4148403361344857,runs/grid_USDJPY_conservative_or6_ktp1.2_ksl0.8_20250921_130648/state.json,177517,219470,6,,,,
grid_USDJPY_conservative_or8_ktp0.6_ksl0.4_20250921_130659,runs/grid_USDJPY_conservative_or8_ktp0.6_ksl0.4_20250921_130659,20250921_130659,USDJPY,conservative,100000.0,8,0.6,0.4,,0.0,0.4,,True,,50,,,,,,,,94,59,-109.08000000000311,,,0.6276595744680851,-1.1604255319149268,runs/grid_USDJPY_conservative_or8_ktp0.6_ksl0.4_20250921_130659/state.json,171511,197613,8,,,,
grid_USDJPY_conservative_or8_ktp0.6_ksl0.6_20250921_130709,runs/grid_USDJPY_conservative_or8_ktp0.6_ksl0.6_20250921_130709,20250921_130709,USDJPY,conservative,100000.0,8,0.6,0.6,,0.0,0.4,,True,,50,,,,,,,,77,55,-119.43142857143505,,,0.7142857142857143,-1.551057513914741,runs/grid_USDJPY_conservative_or8_ktp0.6_ksl0.6_20250921_130709/state.json,171511,198180,12,,,,
grid_USDJPY_conservative_or8_ktp0.6_ksl0.8_20250921_130720,runs/grid_USDJPY_conservative_or8_ktp0.6_ksl0.8_20250921_130720,20250921_130720,USDJPY,conservative,100000.0,8,0.6,0.8,,0.0,0.4,,True,,50,,,,,,,,94,72,-87.3799999999876,,,0.7659574468085106,-0.9295744680849745,runs/grid_USDJPY_conservative_or8_ktp0.6_ksl0.8_20250921_130720/state.json,171511,197780,14,,,,
grid_USDJPY_conservative_or8_ktp0.8_ksl0.4_20250921_130731,runs/grid_USDJPY_conservative_or8_ktp0.8_ksl0.4_20250921_130731,20250921_130731,USDJPY,conservative,100000.0,8,0.8,0.4,,0.0,0.4,,True,,50,,,,,,,,110,59,-84.88285714284586,,,0.5363636363636364,-0.7716623376622351,runs/grid_USDJPY_conservative_or8_ktp0.8_ksl0.4_20250921_130731/state.json,171511,197074,6,,,,
grid_USDJPY_conservative_or8_ktp0.8_ksl0.6_20250921_130742,runs/grid_USDJPY_conservative_or8_ktp0.8_ksl0.6_20250921_130742,20250921_130742,USDJPY,conservative,100000.0,8,0.8,0.6,,0.0,0.4,,True,,50,,,,,,,,85,54,-85.3685714285649,,,0.6352941176470588,-1.0043361344537047,runs/grid_USDJPY_conservative_or8_ktp0.8_ksl0.6_20250921_130742/state.json,171511,197820,10,,,,
grid_USDJPY_conservative_or8_ktp0.8_ksl0.8_20250921_130753,runs/grid_USDJPY_conservative_or8_ktp0.8_ksl0.8_20250921_130753,20250921_130753,USDJPY,conservative,100000.0,8,0.8,0.8,,0.0,0.4,,True,,50,,,,,,,,79,55,-103.07142857142293,,,0.6962025316455697,-1.304701627486366,runs/grid_USDJPY_conservative_or8_ktp0.8_ksl0.8_20250921_130753/state.json,171511,198128,12,,,,
grid_USDJPY_conservative_or8_ktp1.0_ksl0.4_20250921_130804,runs/grid_USDJPY_conservative_or8_ktp1.0_ksl0.4_20250921_130804,20250921_130804,USDJPY,conservative,100000.0,8,1.0,0.4,,0.0,0.4,,True,,50,,,,,,,,139,68,-64.81285714284081,,,0.4892086330935252,-0.4662795477902217,runs/grid_USDJPY_conservative_or8_ktp1.0_ksl0.4_20250921_130804/state.json,171511,196192,5,,,,
grid_USDJPY_conservative_or8_ktp1.0_ksl0.6_20250921_130815,runs/grid_USDJPY_conservative_or8_ktp1.0_ksl0.6_20250921_130815,20250921_130815,USDJPY,conservative,100000.0,8,1.0,0.6,,0.0,0.4,,True,,50,,,,,,,,90,52,-99.5871428571445,,,0.5777777777777777,-1.1065238095238277,runs/grid_USDJPY_conservative_or8_ktp1.0_ksl0.6_20250921_130815/state.json,171511,197561,8,,,,
grid_USDJPY_conservative_or8_ktp1.0_ksl0.8_20250921_130825,runs/grid_USDJPY_conservative_or8_ktp1.0_ksl0.8_20250921_130825,20250921_130825,USDJPY,conservative,100000.0,8,1.0,0.8,,0.0,0.4,,True,,50,,,,,,,,138,86,-5.691428571407414,,,0.6231884057971014,-0.0412422360246914,runs/grid_USDJPY_conservative_or8_ktp1.0_ksl0.8_20250921_130825/state.json,171511,196264,11,,,,
grid_USDJPY_conservative_or8_ktp1.2_ksl0.4_20250921_130836,runs/grid_USDJPY_conservative_or8_ktp1.2_ksl0.4_20250921_130836,20250921_130836,USDJPY,conservative,100000.0,8,1.2,0.4,,0.0,0.4,,True,,50,,,,,,,,138,61,-82.58285714284762,,,0.4420289855072464,-0.5984265010351276,runs/grid_USDJPY_conservative_or8_ktp1.2_ksl0.4_20250921_130836/state.json,171511,196234,4,,,,
grid_USDJPY_conservative_or8_ktp1.2_ksl0.6_20250921_130847,runs/grid_USDJPY_conservative_or8_ktp1.2_ksl0.6_20250921_130847,20250921_130847,USDJPY,conservative,100000.0,8,1.2,0.6,,0.0,0.4,,True,,50,,,,,,,,123,64,-99.20000000000664,,,0.5203252032520326,-0.8065040650407044,runs/grid_USDJPY_conservative_or8_ktp1.2_ksl0.6_20250921_130847/state.json,171511,196717,7,,,,
grid_USDJPY_conservative_or8_ktp1.2_ksl0.8_20250921_130858,runs/grid_USDJPY_conservative_or8_ktp1.2_ksl0.8_20250921_130858,20250921_130858,USDJPY,conservative,100000.0,8,1.2,0.8,,0.0,0.4,,True,,50,,,,,,,,113,67,-16.637142857136894,,,0.5929203539823009,-0.14723135271802562,runs/grid_USDJPY_conservative_or8_ktp1.2_ksl0.8_20250921_130858/state.json,171511,196845,10,,,,
grid_USDJPY_bridge_or4_ktp0.6_ksl0.4_20250921_130919,runs/grid_USDJPY_bridge_or4_ktp0.6_ksl0.4_20250921_130919,20250921_130919,USDJPY,bridge,100000.0,4,0.6,0.4,,0.0,0.4,,True,,50,,,,,,,,123,76,-136.95502283766012,,,0.6178861788617886,-1.1134554702248791,runs/grid_USDJPY_bridge_or4_ktp0.6_ksl0.4_20250921_130919/state.json,184442,240555,8,,,,
grid_USDJPY_bridge_or4_ktp0.6_ksl0.6_20250921_130930,runs/grid_USDJPY_bridge_or4_ktp0.6_ksl0.6_20250921_130930,20250921_130930,USDJPY,bridge,100000.0,4,0.6,0.6,,0.0,0.4,,True,,50,,,,,,,,96,69,-105.67766502738709,,,0.71875,-1.1008090107019488,runs/grid_USDJPY_bridge_or4_ktp0.6_ksl0.6_20250921_130930/state.json,184442,241368,10,,,,
grid_USDJPY_bridge_or4_ktp0.6_ksl0.8_20250921_130941,runs/grid_USDJPY_bridge_or4_ktp0.6_ksl0.8_20250921_130941,20250921_130941,USDJPY,bridge,100000.0,4,0.6,0.8,,0.0,0.4,,True,,50,,,,,,,,80,62,-72.89267223272532,,,0.775,-0.9111584029090665,runs/grid_USDJPY_bridge_or4_ktp0.6_ksl0.8_20250921_130941/state.json,184449,242540,13,,,,
grid_USDJPY_bridge_or4_ktp0.8_ksl0.4_20250921_130952,runs/grid_USDJPY_bridge_or4_ktp0.8_ksl0.4_20250921_130952,20250921_130952,USDJPY,bridge,100000.0,4,0.8,0.4,,0.0,0.4,,True,,50,,,,,,,,112,64,-94.83753712468803,,,0.5714285714285714,-0.8467637243275716,runs/grid_USDJPY_bridge_or4_ktp0.8_ksl0.4_20250921_130952/state.json,184449,240567,6,,,,
grid_USDJPY_bridge_or4_ktp0.8_ksl0.6_20250921_131003,runs/grid_USDJPY_bridge_or4_ktp0.8_ksl0.6_20250921_131003,20250921_131003,USDJPY,bridge,100000.0,4,0.8,0.6,,0.0,0.4,,True,,50,,,,,,,,98,64,-100.5493715485988,,,0.6530612244897959,-1.0260139953938654,runs/grid_USDJPY_bridge_or4_ktp0.8_ksl0.6_20250921_131003/state.json,184449,241282,8,,,,
grid_USDJPY_bridge_or4_ktp0.8_ksl0.8_20250921_131014,runs/grid_USDJPY_bridge_or4_ktp0.8_ksl0.8_20250921_131014,20250921_131014,USDJPY,bridge,100000.0,4,0.8,0.8,,0.0,0.4,,True,,50,,,,,,,,115,80,-67.01129828691393,,,0.6956521739130435,-0.5827069416253385,runs/grid_USDJPY_bridge_or4_ktp0.8_ksl0.8_20250921_131014/state.json,184449,240665,9,,,,
grid_USDJPY_bridge_or4_ktp1.0_ksl0.4_20250921_131025,runs/grid_USDJPY_bridge_or4_ktp1.0_ksl0.4_20250921_131025,20250921_131025,USDJPY,bridge,100000.0,4,1.0,0.4,,0.0,0.4,,True,,50,,,,,,,,204,99,-7.379362198033277,,,0.4852941176470588,-0.03617334410800626,runs/grid_USDJPY_bridge_or4_ktp1.0_ksl0.4_20250921_131025/state.json,184442,236712,5,,,,
grid_USDJPY_bridge_or4_ktp1.0_ksl0.6_20250921_131036,runs/grid_USDJPY_bridge_or4_ktp1.0_ksl0.6_20250921_131036,20250921_131036,USDJPY,bridge,100000.0,4,1.0,0.6,,0.0,0.4,,True,,50,,,,,,,,108,64,24.4620510399634,,,0.5925925925925926,0.2265004725922537,runs/grid_USDJPY_bridge_or4_ktp1.0_ksl0.6_20250921_131036/state.json,184449,241069,6,,,,
grid_USDJPY_bridge_or4_ktp1.0_ksl0.8_20250921_131047,runs/grid_USDJPY_bridge_or4_ktp1.0_ksl0.8_20250921_131047,20250921_131047,USDJPY,bridge,100000.0,4,1.0,0.8,,0.0,0.4,,True,,50,,,,,,,,127,83,29.158312298210888,,,0.6535433070866141,0.22959301022213296,runs/grid_USDJPY_bridge_or4_ktp1.0_ksl0.8_20250921_131047/state.json,184442,240149,7,,,,
grid_USDJPY_bridge_or4_ktp1.2_ksl0.4_20250921_131058,runs/grid_USDJPY_bridge_or4_ktp1.2_ksl0.4_20250921_131058,20250921_131058,USDJPY,bridge,100000.0,4,1.2,0.4,,0.0,0.4,,True,,50,,,,,,,,201,94,-48.37395962990928,,,0.46766169154228854,-0.24066646582044418,runs/grid_USDJPY_bridge_or4_ktp1.2_ksl0.4_20250921_131058/state.json,184442,237244,4,,,,
grid_USDJPY_bridge_or4_ktp1.2_ksl0.6_20250921_131109,runs/grid_USDJPY_bridge_or4_ktp1.2_ksl0.6_20250921_131109,20250921_131109,USDJPY,bridge,100000.0,4,1.2,0.6,,0.0,0.4,,True,,50,,,,,,,,131,72,-31.779935618307206,,,0.549618320610687,-0.24259492838402447,runs/grid_USDJPY_bridge_or4_ktp1.2_ksl0.6_20250921_131109/state.json,184449,239959,5,,,,
grid_USDJPY_bridge_or4_ktp1.2_ksl0.8_20250921_131120,runs/grid_USDJPY_bridge_or4_ktp1.2_ksl0.8_20250921_131120,20250921_131120,USDJPY,bridge,100000.0,4,1.2,0.8,,0.0,0.4,,True,,50,,,,,,,,143,85,8.618098924938863,,,0.5944055944055944,0.060266426048523516,runs/grid_USDJPY_bridge_or4_ktp1.2_ksl0.8_20250921_131120/state.json,184442,239703,6,,,,
grid_USDJPY_bridge_or6_ktp0.6_ksl0.4_20250921_131131,runs/grid_USDJPY_bridge_or6_ktp0.6_ksl0.4_20250921_131131,20250921_131131,USDJPY,bridge,100000.0,6,0.6,0.4,,0.0,0.4,,True,,50,,,,,,,,166,103,-187.9354177641888,,,0.6204819277108434,-1.1321410708686073,runs/grid_USDJPY_bridge_or6_ktp0.6_ksl0.4_20250921_131131/state.json,177517,219455,8,,,,
grid_USDJPY_bridge_or6_ktp0.6_ksl0.6_20250921_131142,runs/grid_USDJPY_bridge_or6_ktp0.6_ksl0.6_20250921_131142,20250921_131142,USDJPY,bridge,100000.0,6,0.6,0.6,,0.0,0.4,,True,,50,,,,,,,,111,80,-120.31076950730653,,,0.7207207207207207,-1.083880806372131,runs/grid_USDJPY_bridge_or6_ktp0.6_ksl0.6_20250921_131142/state.json,177517,221249,10,,,,
grid_USDJPY_bridge_or6_ktp0.6_ksl0.8_20250921_131153,runs/grid_USDJPY_bridge_or6_ktp0.6_ksl0.8_20250921_131153,20250921_131153,USDJPY,bridge,100000.0,6,0.6,0.8,,0.0,0.4,,True,,50,,,,,,,,93,72,-98.99054160256037,,,0.7741935483870968,-1.0644144258339825,runs/grid_USDJPY_bridge_or6_ktp0.6_ksl0.8_20250921_131153/state.json,177517,222398,13,,,,
grid_USDJPY_bridge_or6_ktp0.8_ksl0.4_20250921_131204,runs/grid_USDJPY_bridge_or6_ktp0.8_ksl0.4_20250921_131204,20250921_131204,USDJPY,bridge,100000.0,6,0.8,0.4,,0.0,0.4,,True,,50,,,,,,,,189,104,-189.63464677409758,,,0.5502645502645502,-1.0033579194396698,runs/grid_USDJPY_bridge_or6_ktp0.8_ksl0.4_20250921_131204/state.json,177517,218384,6,,,,
grid_USDJPY_bridge_or6_ktp0.8_ksl0.6_20250921_131216,runs/grid_USDJPY_bridge_or6_ktp0.8_ksl0.6_20250921_131216,20250921_131216,USDJPY,bridge,100000.0,6,0.8,0.6,,0.0,0.4,,True,,50,,,,,,,,105,68,-147.53076684104457,,,0.6476190476190476,-1.4050549222956625,runs/grid_USDJPY_bridge_or6_ktp0.8_ksl0.6_20250921_131216/state.json,177517,221670,7,,,,
grid_USDJPY_bridge_or6_ktp0.8_ksl0.8_20250921_131227,runs/grid_USDJPY_bridge_or6_ktp0.8_ksl0.8_20250921_131227,20250921_131227,USDJPY,bridge,100000.0,6,0.8,0.8,,0.0,0.4,,True,,50,,,,,,,,162,112,-140.34068996042612,,,0.691358024691358,-0.8663005553112724,runs/grid_USDJPY_bridge_or6_ktp0.8_ksl0.8_20250921_131227/state.json,177517,220003,9,,,,
grid_USDJPY_bridge_or6_ktp1.0_ksl0.4_20250921_131237,runs/grid_USDJPY_bridge_or6_ktp1.0_ksl0.4_20250921_131237,20250921_131237,USDJPY,bridge,100000.0,6,1.0,0.4,,0.0,0.4,,True,,50,,,,,,,,814,383,146.7636038167861,,,0.4705159705159705,0.1802992675881893,runs/grid_USDJPY_bridge_or6_ktp1.0_ksl0.4_20250921_131237/state.json,177492,174217,5,,,,
grid_USDJPY_bridge_or6_ktp1.0_ksl0.6_20250921_131248,runs/grid_USDJPY_bridge_or6_ktp1.0_ksl0.6_20250921_131248,20250921_131248,USDJPY,bridge,100000.0,6,1.0,0.6,,0.0,0.4,,True,,50,,,,,,,,179,105,-155.82981088746277,,,0.5865921787709497,-0.8705576027232557,runs/grid_USDJPY_bridge_or6_ktp1.0_ksl0.6_20250921_131248/state.json,177517,219130,6,,,,
grid_USDJPY_bridge_or6_ktp1.0_ksl0.8_20250921_131300,runs/grid_USDJPY_bridge_or6_ktp1.0_ksl0.8_20250921_131300,20250921_131300,USDJPY,bridge,100000.0,6,1.0,0.8,,0.0,0.4,,True,,50,,,,,,,,163,105,-115.44945348457128,,,0.6441717791411042,-0.7082788557335661,runs/grid_USDJPY_bridge_or6_ktp1.0_ksl0.8_20250921_131300/state.json,177517,219784,7,,,,
grid_USDJPY_bridge_or6_ktp1.2_ksl0.4_20250921_131311,runs/grid_USDJPY_bridge_or6_ktp1.2_ksl0.4_20250921_131311,20250921_131311,USDJPY,bridge,100000.0,6,1.2,0.4,,0.0,0.4,,True,,50,,,,,,,,197,90,-81.55401892515789,,,0.45685279187817257,-0.4139797914982634,runs/grid_USDJPY_bridge_or6_ktp1.2_ksl0.4_20250921_131311/state.json,177517,218243,4,,,,
grid_USDJPY_bridge_or6_ktp1.2_ksl0.6_20250921_131322,runs/grid_USDJPY_bridge_or6_ktp1.2_ksl0.6_20250921_131322,20250921_131322,USDJPY,bridge,100000.0,6,1.2,0.6,,0.0,0.4,,True,,50,,,,,,,,156,85,-61.62266598921764,,,0.5448717948717948,-0.395017089674472,runs/grid_USDJPY_bridge_or6_ktp1.2_ksl0.6_20250921_131322/state.json,177517,219675,5,,,,
grid_USDJPY_bridge_or6_ktp1.2_ksl0.8_20250921_131333,runs/grid_USDJPY_bridge_or6_ktp1.2_ksl0.8_20250921_131333,20250921_131333,USDJPY,bridge,100000.0,6,1.2,0.8,,0.0,0.4,,True,,50,,,,,,,,184,110,-58.50791642485103,,,0.5978260869565217,-0.3179778066567991,runs/grid_USDJPY_bridge_or6_ktp1.2_ksl0.8_20250921_131333/state.json,177517,219119,6,,,,
grid_USDJPY_bridge_or8_ktp0.6_ksl0.4_20250921_131343,runs/grid_USDJPY_bridge_or8_ktp0.6_ksl0.4_20250921_131343,20250921_131343,USDJPY,bridge,100000.0,8,0.6,0.4,,0.0,0.4,,True,,50,,,,,,,,163,101,-147.8959554809196,,,0.6196319018404908,-0.9073371501896909,runs/grid_USDJPY_bridge_or8_ktp0.6_ksl0.4_20250921_131343/state.json,171511,195341,8,,,,
grid_USDJPY_bridge_or8_ktp0.6_ksl0.6_20250921_131354,runs/grid_USDJPY_bridge_or8_ktp0.6_ksl0.6_20250921_131354,20250921_131354,USDJPY,bridge,100000.0,8,0.6,0.6,,0.0,0.4,,True,,50,,,,,,,,97,69,-118.66257398937142,,,0.711340206185567,-1.2233255050450662,runs/grid_USDJPY_bridge_or8_ktp0.6_ksl0.6_20250921_131354/state.json,171511,197558,12,,,,
grid_USDJPY_bridge_or8_ktp0.6_ksl0.8_20250921_131406,runs/grid_USDJPY_bridge_or8_ktp0.6_ksl0.8_20250921_131406,20250921_131406,USDJPY,bridge,100000.0,8,0.6,0.8,,0.0,0.4,,True,,50,,,,,,,,106,81,-68.38909629328202,,,0.7641509433962265,-0.6451801537102078,runs/grid_USDJPY_bridge_or8_ktp0.6_ksl0.8_20250921_131406/state.json,171511,197504,14,,,,
grid_USDJPY_bridge_or8_ktp0.8_ksl0.4_20250921_131417,runs/grid_USDJPY_bridge_or8_ktp0.8_ksl0.4_20250921_131417,20250921_131417,USDJPY,bridge,100000.0,8,0.8,0.4,,0.0,0.4,,True,,50,,,,,,,,152,83,-142.5054628488889,,,0.5460526315789473,-0.9375359397953217,runs/grid_USDJPY_bridge_or8_ktp0.8_ksl0.4_20250921_131417/state.json,171511,195559,6,,,,
grid_USDJPY_bridge_or8_ktp0.8_ksl0.6_20250921_131428,runs/grid_USDJPY_bridge_or8_ktp0.8_ksl0.6_20250921_131428,20250921_131428,USDJPY,bridge,100000.0,8,0.8,0.6,,0.0,0.4,,True,,50,,,,,,,,94,60,-117.38119794391662,,,0.6382978723404256,-1.2487361483395385,runs/grid_USDJPY_bridge_or8_ktp0.8_ksl0.6_20250921_131428/state.json,171511,197571,10,,,,
grid_USDJPY_bridge_or8_ktp0.8_ksl0.8_20250921_131439,runs/grid_USDJPY_bridge_or8_ktp0.8_ksl0.8_20250921_131439,20250921_131439,USDJPY,bridge,100000.0,8,0.8,0.8,,0.0,0.4,,True,,50,,,,,,,,82,57,-107.39682820915738,,,0.6951219512195121,-1.309717417184846,runs/grid_USDJPY_bridge_or8_ktp0.8_ksl0.8_20250921_131439/state.json,171511,198005,12,,,,
grid_USDJPY_bridge_or8_ktp1.0_ksl0.4_20250921_131450,runs/grid_USDJPY_bridge_or8_ktp1.0_ksl0.4_20250921_131450,20250921_131450,USDJPY,bridge,100000.0,8,1.0,0.4,,0.0,0.4,,True,,50,,,,,,,,115,57,-62.64375488800596,,,0.4956521739130435,-0.5447283033739648,runs/grid_USDJPY_bridge_or8_ktp1.0_ksl0.4_20250921_131450/state.json,171511,196949,5,,,,
grid_USDJPY_bridge_or8_ktp1.0_ksl0.6_20250921_131500,runs/grid_USDJPY_bridge_or8_ktp1.0_ksl0.6_20250921_131500,20250921_131500,USDJPY,bridge,100000.0,8,1.0,0.6,,0.0,0.4,,True,,50,,,,,,,,107,62,-116.60765369008351,,,0.5794392523364486,-1.089791155982089,runs/grid_USDJPY_bridge_or8_ktp1.0_ksl0.6_20250921_131500/state.json,171511,197206,8,,,,
grid_USDJPY_bridge_or8_ktp1.0_ksl0.8_20250921_131511,runs/grid_USDJPY_bridge_or8_ktp1.0_ksl0.8_20250921_131511,20250921_131511,USDJPY,bridge,100000.0,8,1.0,0.8,,0.0,0.4,,True,,50,,,,,,,,112,71,-91.35430984307055,,,0.6339285714285714,-0.8156634807417014,runs/grid_USDJPY_bridge_or8_ktp1.0_ksl0.8_20250921_131511/state.json,171511,196970,11,,,,
grid_USDJPY_bridge_or8_ktp1.2_ksl0.4_20250921_131522,runs/grid_USDJPY_bridge_or8_ktp1.2_ksl0.4_20250921_131522,20250921_131522,USDJPY,bridge,100000.0,8,1.2,0.4,,0.0,0.4,,True,,50,,,,,,,,224,99,-94.51256089434236,,,0.4419642857142857,-0.42193107542117125,runs/grid_USDJPY_bridge_or8_ktp1.2_ksl0.4_20250921_131522/state.json,171511,193667,4,,,,
grid_USDJPY_bridge_or8_ktp1.2_ksl0.6_20250921_131534,runs/grid_USDJPY_bridge_or8_ktp1.2_ksl0.6_20250921_131534,20250921_131534,USDJPY,bridge,100000.0,8,1.2,0.6,,0.0,0.4,,True,,50,,,,,,,,142,74,-51.87422977260985,,,0.5211267605633803,-0.3653114772719004,runs/grid_USDJPY_bridge_or8_ktp1.2_ksl0.6_20250921_131534/state.json,171511,195879,7,,,,
grid_USDJPY_bridge_or8_ktp1.2_ksl0.8_20250921_131545,runs/grid_USDJPY_bridge_or8_ktp1.2_ksl0.8_20250921_131545,20250921_131545,USDJPY,bridge,100000.0,8,1.2,0.8,,0.0,0.4,,True,,50,,,,,,,,140,82,-42.13383690588557,,,0.5857142857142857,-0.30095597789918266,runs/grid_USDJPY_bridge_or8_ktp1.2_ksl0.8_20250921_131545/state.json,171511,196205,10,,,,
grid_USDJPY_conservative_or4_ktp0.6_ksl0.4_20250921_133833,runs/grid_USDJPY_conservative_or4_ktp0.6_ksl0.4_20250921_133833,20250921_133833,USDJPY,conservative,100000.0,4,0.6,0.4,,0.3,0.4,,True,"LDN,NY",10,,,,,,,,25,15,10.69571428572118,,,0.6,0.4278285714288472,runs/grid_USDJPY_conservative_or4_ktp0.6_ksl0.4_20250921_133833/state.json,184449,243009,10,,,,
grid_USDJPY_conservative_or4_ktp0.6_ksl0.6_20250921_133848,runs/grid_USDJPY_conservative_or4_ktp0.6_ksl0.6_20250921_133848,20250921_133848,USDJPY,conservative,100000.0,4,0.6,0.6,,0.3,0.4,,True,"LDN,NY",10,,,,,,,,12,9,-14.907142857141537,,,0.75,-1.2422619047617947,runs/grid_USDJPY_conservative_or4_ktp0.6_ksl0.6_20250921_133848/state.json,184449,243568,10,,,,
grid_USDJPY_conservative_or4_ktp0.6_ksl0.8_20250921_133902,runs/grid_USDJPY_conservative_or4_ktp0.6_ksl0.8_20250921_133902,20250921_133902,USDJPY,conservative,100000.0,4,0.6,0.8,,0.3,0.4,,True,"LDN,NY",10,,,,,,,,11,9,-13.725714285713082,,,0.8181818181818182,-1.2477922077920984,runs/grid_USDJPY_conservative_or4_ktp0.6_ksl0.8_20250921_133902/state.json,184449,243623,10,,,,
grid_USDJPY_conservative_or4_ktp0.8_ksl0.4_20250921_133915,runs/grid_USDJPY_conservative_or4_ktp0.8_ksl0.4_20250921_133915,20250921_133915,USDJPY,conservative,100000.0,4,0.8,0.4,,0.3,0.4,,True,"LDN,NY",10,,,,,,,,37,19,18.780000000004065,,,0.5135135135135135,0.5075675675676774,runs/grid_USDJPY_conservative_or4_ktp0.8_ksl0.4_20250921_133915/state.json,184449,242666,7,,,,
grid_USDJPY_conservative_or4_ktp0.8_ksl0.6_20250921_133927,runs/grid_USDJPY_conservative_or4_ktp0.8_ksl0.6_20250921_133927,20250921_133927,USDJPY,conservative,100000.0,4,0.8,0.6,,0.3,0.4,,True,"LDN,NY",10,,,,,,,,32,20,5.434285714288137,,,0.625,0.16982142857150428,runs/grid_USDJPY_conservative_or4_ktp0.8_ksl0.6_20250921_133927/state.json,184449,242800,9,,,,
grid_USDJPY_conservative_or4_ktp0.8_ksl0.8_20250921_133938,runs/grid_USDJPY_conservative_or4_ktp0.8_ksl0.8_20250921_133938,20250921_133938,USDJPY,conservative,100000.0,4,0.8,0.8,,0.3,0.4,,True,"LDN,NY",10,,,,,,,,12,9,-11.16571428571666,,,0.75,-0.9304761904763884,runs/grid_USDJPY_conservative_or4_ktp0.8_ksl0.8_20250921_133938/state.json,184449,243541,10,,,,
grid_USDJPY_conservative_or4_ktp1.0_ksl0.4_20250921_133949,runs/grid_USDJPY_conservative_or4_ktp1.0_ksl0.4_20250921_133949,20250921_133949,USDJPY,conservative,100000.0,4,1.0,0.4,,0.3,0.4,,True,"LDN,NY",10,,,,,,,,35,16,4.344285714294642,,,0.45714285714285713,0.12412244897984692,runs/grid_USDJPY_conservative_or4_ktp1.0_ksl0.4_20250921_133949/state.json,184449,242623,6,,,,
grid_USDJPY_conservative_or4_ktp1.0_ksl0.6_20250921_134001,runs/grid_USDJPY_conservative_or4_ktp1.0_ksl0.6_20250921_134001,20250921_134001,USDJPY,conservative,100000.0,4,1.0,0.6,,0.3,0.4,,True,"LDN,NY",10,,,,,,,,36,20,-12.825714285714469,,,0.5555555555555556,-0.35626984126984634,runs/grid_USDJPY_conservative_or4_ktp1.0_ksl0.6_20250921_134001/state.json,184449,242702,7,,,,
grid_USDJPY_conservative_or4_ktp1.0_ksl0.8_20250921_134012,runs/grid_USDJPY_conservative_or4_ktp1.0_ksl0.8_20250921_134012,20250921_134012,USDJPY,conservative,100000.0,4,1.0,0.8,,0.3,0.4,,True,"LDN,NY",10,,,,,,,,25,16,37.14999999999975,,,0.64,1.48599999999999,runs/grid_USDJPY_conservative_or4_ktp1.0_ksl0.8_20250921_134012/state.json,184449,243057,9,,,,
grid_USDJPY_conservative_or4_ktp1.2_ksl0.4_20250921_134022,runs/grid_USDJPY_conservative_or4_ktp1.2_ksl0.4_20250921_134022,20250921_134022,USDJPY,conservative,100000.0,4,1.2,0.4,,0.3,0.4,,True,"LDN,NY",10,,,,,,,,898,394,182.79714285720934,,,0.43875278396436523,0.20356029271404158,runs/grid_USDJPY_conservative_or4_ktp1.2_ksl0.4_20250921_134022/state.json,184280,176311,5,,,,
grid_USDJPY_conservative_or4_ktp1.2_ksl0.6_20250921_134033,runs/grid_USDJPY_conservative_or4_ktp1.2_ksl0.6_20250921_134033,20250921_134033,USDJPY,conservative,100000.0,4,1.2,0.6,,0.3,0.4,,True,"LDN,NY",10,,,,,,,,36,18,40.758571428576545,,,0.5,1.132182539682682,runs/grid_USDJPY_conservative_or4_ktp1.2_ksl0.6_20250921_134033/state.json,184449,242649,6,,,,
grid_USDJPY_conservative_or4_ktp1.2_ksl0.8_20250921_134045,runs/grid_USDJPY_conservative_or4_ktp1.2_ksl0.8_20250921_134045,20250921_134045,USDJPY,conservative,100000.0,4,1.2,0.8,,0.3,0.4,,True,"LDN,NY",10,,,,,,,,48,27,-8.322857142862517,,,0.5625,-0.17339285714296912,runs/grid_USDJPY_conservative_or4_ktp1.2_ksl0.8_20250921_134045/state.json,184449,242096,7,,,,
grid_USDJPY_conservative_or6_ktp0.6_ksl0.4_20250921_134056,runs/grid_USDJPY_conservative_or6_ktp0.6_ksl0.4_20250921_134056,20250921_134056,USDJPY,conservative,100000.0,6,0.6,0.4,,0.3,0.4,,True,"LDN,NY",10,,,,,,,,16,10,-26.502857142857465,,,0.625,-1.6564285714285916,runs/grid_USDJPY_conservative_or6_ktp0.6_ksl0.4_20250921_134056/state.json,177517,223742,10,,,,
grid_USDJPY_conservative_or6_ktp0.6_ksl0.6_20250921_134107,runs/grid_USDJPY_conservative_or6_ktp0.6_ksl0.6_20250921_134107,20250921_134107,USDJPY,conservative,100000.0,6,0.6,0.6,,0.3,0.4,,True,"LDN,NY",10,,,,,,,,12,9,-13.31142857142828,,,0.75,-1.10928571428569,runs/grid_USDJPY_conservative_or6_ktp0.6_ksl0.6_20250921_134107/state.json,177517,223902,10,,,,
grid_USDJPY_conservative_or6_ktp0.6_ksl0.8_20250921_134118,runs/grid_USDJPY_conservative_or6_ktp0.6_ksl0.8_20250921_134118,20250921_134118,USDJPY,conservative,100000.0,6,0.6,0.8,,0.3,0.4,,True,"LDN,NY",10,,,,,,,,11,9,-12.752857142856328,,,0.8181818181818182,-1.1593506493505752,runs/grid_USDJPY_conservative_or6_ktp0.6_ksl0.8_20250921_134118/state.json,177517,223957,10,,,,
grid_USDJPY_conservative_or6_ktp0.8_ksl0.4_20250921_134129,runs/grid_USDJPY_conservative_or6_ktp0.8_ksl0.4_20250921_134129,20250921_134129,USDJPY,conservative,100000.0,6,0.8,0.4,,0.3,0.4,,True,"LDN,NY",10,,,,,,,,23,12,-54.460000000000775,,,0.5217391304347826,-2.3678260869565553,runs/grid_USDJPY_conservative_or6_ktp0.8_ksl0.4_20250921_134129/state.json,177517,223572,7,,,,
grid_USDJPY_conservative_or6_ktp0.8_ksl0.6_20250921_134140,runs/grid_USDJPY_conservative_or6_ktp0.8_ksl0.6_20250921_134140,20250921_134140,USDJPY,conservative,100000.0,6,0.8,0.6,,0.3,0.4,,True,"LDN,NY",10,,,,,,,,26,16,-37.45857142856909,,,0.6153846153846154,-1.4407142857141957,runs/grid_USDJPY_conservative_or6_ktp0.8_ksl0.6_20250921_134140/state.json,177517,223379,9,,,,
grid_USDJPY_conservative_or6_ktp0.8_ksl0.8_20250921_134150,runs/grid_USDJPY_conservative_or6_ktp0.8_ksl0.8_20250921_134150,20250921_134150,USDJPY,conservative,100000.0,6,0.8,0.8,,0.3,0.4,,True,"LDN,NY",10,,,,,,,,16,11,-60.457142857143424,,,0.6875,-3.778571428571464,runs/grid_USDJPY_conservative_or6_ktp0.8_ksl0.8_20250921_134150/state.json,177517,223737,10,,,,
grid_USDJPY_conservative_or6_ktp1.0_ksl0.4_20250921_134202,runs/grid_USDJPY_conservative_or6_ktp1.0_ksl0.4_20250921_134202,20250921_134202,USDJPY,conservative,100000.0,6,1.0,0.4,,0.3,0.4,,True,"LDN,NY",10,,,,,,,,29,14,-43.897142857142455,,,0.4827586206896552,-1.5136945812807743,runs/grid_USDJPY_conservative_or6_ktp1.0_ksl0.4_20250921_134202/state.json,177517,223140,6,,,,
grid_USDJPY_conservative_or6_ktp1.0_ksl0.6_20250921_134213,runs/grid_USDJPY_conservative_or6_ktp1.0_ksl0.6_20250921_134213,20250921_134213,USDJPY,conservative,100000.0,6,1.0,0.6,,0.3,0.4,,True,"LDN,NY",10,,,,,,,,23,13,-24.647142857143024,,,0.5652173913043478,-1.0716149068323053,runs/grid_USDJPY_conservative_or6_ktp1.0_ksl0.6_20250921_134213/state.json,177517,223519,7,,,,
grid_USDJPY_conservative_or6_ktp1.0_ksl0.8_20250921_134223,runs/grid_USDJPY_conservative_or6_ktp1.0_ksl0.8_20250921_134223,20250921_134223,USDJPY,conservative,100000.0,6,1.0,0.8,,0.3,0.4,,True,"LDN,NY",10,,,,,,,,25,16,-25.378571428571206,,,0.64,-1.0151428571428482,runs/grid_USDJPY_conservative_or6_ktp1.0_ksl0.8_20250921_134223/state.json,177517,223447,8,,,,
grid_USDJPY_conservative_or6_ktp1.2_ksl0.4_20250921_134234,runs/grid_USDJPY_conservative_or6_ktp1.2_ksl0.4_20250921_134234,20250921_134234,USDJPY,conservative,100000.0,6,1.2,0.4,,0.3,0.4,,True,"LDN,NY",10,,,,,,,,41,17,-37.502857142854566,,,0.4146341463414634,-0.9147038327525504,runs/grid_USDJPY_conservative_or6_ktp1.2_ksl0.4_20250921_134234/state.json,177517,222640,5,,,,
grid_USDJPY_conservative_or6_ktp1.2_ksl0.6_20250921_134245,runs/grid_USDJPY_conservative_or6_ktp1.2_ksl0.6_20250921_134245,20250921_134245,USDJPY,conservative,100000.0,6,1.2,0.6,,0.3,0.4,,True,"LDN,NY",10,,,,,,,,28,14,-62.48285714285652,,,0.5,-2.2315306122448755,runs/grid_USDJPY_conservative_or6_ktp1.2_ksl0.6_20250921_134245/state.json,177517,223240,6,,,,
grid_USDJPY_conservative_or6_ktp1.2_ksl0.8_20250921_134257,runs/grid_USDJPY_conservative_or6_ktp1.2_ksl0.8_20250921_134257,20250921_134257,USDJPY,conservative,100000.0,6,1.2,0.8,,0.3,0.4,,True,"LDN,NY",10,,,,,,,,27,16,-32.902857142853236,,,0.5925925925925926,-1.218624338624194,runs/grid_USDJPY_conservative_or6_ktp1.2_ksl0.8_20250921_134257/state.json,177517,223328,7,,,,
grid_USDJPY_conservative_or8_ktp0.6_ksl0.4_20250921_134308,runs/grid_USDJPY_conservative_or8_ktp0.6_ksl0.4_20250921_134308,20250921_134308,USDJPY,conservative,100000.0,8,0.6,0.4,,0.3,0.4,,True,"LDN,NY",10,,,,,,,,16,10,-25.538571428573846,,,0.625,-1.5961607142858654,runs/grid_USDJPY_conservative_or8_ktp0.6_ksl0.4_20250921_134308/state.json,171511,198925,10,,,,
grid_USDJPY_conservative_or8_ktp0.6_ksl0.6_20250921_134318,runs/grid_USDJPY_conservative_or8_ktp0.6_ksl0.6_20250921_134318,20250921_134318,USDJPY,conservative,100000.0,8,0.6,0.6,,0.3,0.4,,True,"LDN,NY",10,,,,,,,,14,10,-16.470000000003154,,,0.7142857142857143,-1.1764285714287968,runs/grid_USDJPY_conservative_or8_ktp0.6_ksl0.6_20250921_134318/state.json,171511,198943,10,,,,
grid_USDJPY_conservative_or8_ktp0.6_ksl0.8_20250921_134329,runs/grid_USDJPY_conservative_or8_ktp0.6_ksl0.8_20250921_134329,20250921_134329,USDJPY,conservative,100000.0,8,0.6,0.8,,0.3,0.4,,True,"LDN,NY",10,,,,,,,,18,14,-8.100000000002808,,,0.7777777777777778,-0.450000000000156,runs/grid_USDJPY_conservative_or8_ktp0.6_ksl0.8_20250921_134329/state.json,171511,198932,10,,,,
grid_USDJPY_conservative_or8_ktp0.8_ksl0.4_20250921_134340,runs/grid_USDJPY_conservative_or8_ktp0.8_ksl0.4_20250921_134340,20250921_134340,USDJPY,conservative,100000.0,8,0.8,0.4,,0.3,0.4,,True,"LDN,NY",10,,,,,,,,35,18,4.5200000000048135,,,0.5142857142857142,0.12914285714299467,runs/grid_USDJPY_conservative_or8_ktp0.8_ksl0.4_20250921_134340/state.json,171511,198364,9,,,,
grid_USDJPY_conservative_or8_ktp0.8_ksl0.6_20250921_134351,runs/grid_USDJPY_conservative_or8_ktp0.8_ksl0.6_20250921_134351,20250921_134351,USDJPY,conservative,100000.0,8,0.8,0.6,,0.3,0.4,,True,"LDN,NY",10,,,,,,,,22,14,-32.607142857146755,,,0.6363636363636364,-1.4821428571430344,runs/grid_USDJPY_conservative_or8_ktp0.8_ksl0.6_20250921_134351/state.json,171511,198784,10,,,,
grid_USDJPY_conservative_or8_ktp0.8_ksl0.8_20250921_134402,runs/grid_USDJPY_conservative_or8_ktp0.8_ksl0.8_20250921_134402,20250921_134402,USDJPY,conservative,100000.0,8,0.8,0.8,,0.3,0.4,,True,"LDN,NY",10,,,,,,,,12,9,-11.542857142859248,,,0.75,-0.9619047619049373,runs/grid_USDJPY_conservative_or8_ktp0.8_ksl0.8_20250921_134402/state.json,171511,199035,10,,,,
grid_USDJPY_conservative_or8_ktp1.0_ksl0.4_20250921_134413,runs/grid_USDJPY_conservative_or8_ktp1.0_ksl0.4_20250921_134413,20250921_134413,USDJPY,conservative,100000.0,8,1.0,0.4,,0.3,0.4,,True,"LDN,NY",10,,,,,,,,37,17,6.551428571441647,,,0.4594594594594595,0.17706563706599046,runs/grid_USDJPY_conservative_or8_ktp1.0_ksl0.4_20250921_134413/state.json,171511,198291,7,,,,
grid_USDJPY_conservative_or8_ktp1.0_ksl0.6_20250921_134425,runs/grid_USDJPY_conservative_or8_ktp1.0_ksl0.6_20250921_134425,20250921_134425,USDJPY,conservative,100000.0,8,1.0,0.6,,0.3,0.4,,True,"LDN,NY",10,,,,,,,,21,12,-32.06000000000091,,,0.5714285714285714,-1.5266666666667101,runs/grid_USDJPY_conservative_or8_ktp1.0_ksl0.6_20250921_134425/state.json,171511,198769,8,,,,
grid_USDJPY_conservative_or8_ktp1.0_ksl0.8_20250921_134436,runs/grid_USDJPY_conservative_or8_ktp1.0_ksl0.8_20250921_134436,20250921_134436,USDJPY,conservative,100000.0,8,1.0,0.8,,0.3,0.4,,True,"LDN,NY",10,,,,,,,,29,18,-12.604285714276784,,,0.6206896551724138,-0.43463054187161326,runs/grid_USDJPY_conservative_or8_ktp1.0_ksl0.8_20250921_134436/state.json,171511,198504,10,,,,
grid_USDJPY_conservative_or8_ktp1.2_ksl0.4_20250921_134447,runs/grid_USDJPY_conservative_or8_ktp1.2_ksl0.4_20250921_134447,20250921_134447,USDJPY,conservative,100000.0,8,1.2,0.4,,0.3,0.4,,True,"LDN,NY",10,,,,,,,,108,43,62.48000000005254,,,0.39814814814814814,0.578518518519005,runs/grid_USDJPY_conservative_or8_ktp1.2_ksl0.4_20250921_134447/state.json,171511,196076,5,,,,
grid_USDJPY_conservative_or8_ktp1.2_ksl0.6_20250921_134458,runs/grid_USDJPY_conservative_or8_ktp1.2_ksl0.6_20250921_134458,20250921_134458,USDJPY,conservative,100000.0,8,1.2,0.6,,0.3,0.4,,True,"LDN,NY",10,,,,,,,,25,13,-43.29428571428764,,,0.52,-1.7317714285715056,runs/grid_USDJPY_conservative_or8_ktp1.2_ksl0.6_20250921_134458/state.json,171511,198626,7,,,,
grid_USDJPY_conservative_or8_ktp1.2_ksl0.8_20250921_134510,runs/grid_USDJPY_conservative_or8_ktp1.2_ksl0.8_20250921_134510,20250921_134510,USDJPY,conservative,100000.0,8,1.2,0.8,,0.3,0.4,,True,"LDN,NY",10,,,,,,,,23,14,-38.0628571428536,,,0.6086956521739131,-1.6549068322979827,runs/grid_USDJPY_conservative_or8_ktp1.2_ksl0.8_20250921_134510/state.json,171511,198685,8,,,,
grid_USDJPY_conservative_or4_ktp1.2_ksl0.4_20250921_134637,runs/grid_USDJPY_conservative_or4_ktp1.2_ksl0.4_20250921_134637,20250921_134637,USDJPY,conservative,100000.0,4,1.2,0.4,,0.3,0.4,,True,"LDN,NY",10,,,,,,,,898,394,182.79714285720934,,,0.43875278396436523,0.20356029271404158,runs/grid_USDJPY_conservative_or4_ktp1.2_ksl0.4_20250921_134637/state.json,184280,176311,5,,,,
grid_USDJPY_bridge_or4_ktp0.6_ksl0.4_20250921_134818,runs/grid_USDJPY_bridge_or4_ktp0.6_ksl0.4_20250921_134818,20250921_134818,USDJPY,bridge,100000.0,4,0.6,0.4,,0.3,0.4,,True,"LDN,NY",10,,,,,,,,94,55,-54.389404142813305,,,0.5851063829787234,-0.5786106823703543,runs/grid_USDJPY_bridge_or4_ktp0.6_ksl0.4_20250921_134818/state.json,184442,240490,10,,,,
grid_USDJPY_bridge_or4_ktp0.6_ksl0.6_20250921_134829,runs/grid_USDJPY_bridge_or4_ktp0.6_ksl0.6_20250921_134829,20250921_134829,USDJPY,bridge,100000.0,4,0.6,0.6,,0.3,0.4,,True,"LDN,NY",10,,,,,,,,12,9,-14.907142857141537,,,0.75,-1.2422619047617947,runs/grid_USDJPY_bridge_or4_ktp0.6_ksl0.6_20250921_134829/state.json,184449,243568,10,,,,
grid_USDJPY_bridge_or4_ktp0.6_ksl0.8_20250921_134840,runs/grid_USDJPY_bridge_or4_ktp0.6_ksl0.8_20250921_134840,20250921_134840,USDJPY,bridge,100000.0,4,0.6,0.8,,0.3,0.4,,True,"LDN,NY",10,,,,,,,,11,9,-13.725714285713082,,,0.8181818181818182,-1.2477922077920984,runs/grid_USDJPY_bridge_or4_ktp0.6_ksl0.8_20250921_134840/state.json,184449,243623,10,,,,
grid_USDJPY_bridge_or4_ktp0.8_ksl0.4_20250921_134851,runs/grid_USDJPY_bridge_or4_ktp0.8_ksl0.4_20250921_134851,20250921_134851,USDJPY,bridge,100000.0,4,0.8,0.4,,0.3,0.4,,True,"LDN,NY",10,,,,,,,,60,30,-26.78031305094521,,,0.5,-0.44633855084908686,runs/grid_USDJPY_bridge_or4_ktp0.8_ksl0.4_20250921_134851/state.json,184449,241778,7,,,,
grid_USDJPY_bridge_or4_ktp0.8_ksl0.6_20250921_134902,runs/grid_USDJPY_bridge_or4_ktp0.8_ksl0.6_20250921_134902,20250921_134902,USDJPY,bridge,100000.0,4,0.8,0.6,,0.3,0.4,,True,"LDN,NY",10,,,,,,,,40,24,-12.645808583398548,,,0.6,-0.3161452145849637,runs/grid_USDJPY_bridge_or4_ktp0.8_ksl0.6_20250921_134902/state.json,184449,242620,9,,,,
grid_USDJPY_bridge_or4_ktp0.8_ksl0.8_20250921_134913,runs/grid_USDJPY_bridge_or4_ktp0.8_ksl0.8_20250921_134913,20250921_134913,USDJPY,bridge,100000.0,4,0.8,0.8,,0.3,0.4,,True,"LDN,NY",10,,,,,,,,12,9,-11.16571428571666,,,0.75,-0.9304761904763884,runs/grid_USDJPY_bridge_or4_ktp0.8_ksl0.8_20250921_134913/state.json,184449,243541,10,,,,
grid_USDJPY_bridge_or4_ktp1.0_ksl0.4_20250921_134924,runs/grid_USDJPY_bridge_or4_ktp1.0_ksl0.4_20250921_134924,20250921_134924,USDJPY,bridge,100000.0,4,1.0,0.4,,0.3,0.4,,True,"LDN,NY",10,,,,,,,,45,20,3.420524289477953,,,0.4444444444444444,0.07601165087728784,runs/grid_USDJPY_bridge_or4_ktp1.0_ksl0.4_20250921_134924/state.json,184449,242322,6,,,,
grid_USDJPY_bridge_or4_ktp1.0_ksl0.6_20250921_134936,runs/grid_USDJPY_bridge_or4_ktp1.0_ksl0.6_20250921_134936,20250921_134936,USDJPY,bridge,100000.0,4,1.0,0.6,,0.3,0.4,,True,"LDN,NY",10,,,,,,,,30,17,-29.84773642263093,,,0.5666666666666667,-0.994924547421031,runs/grid_USDJPY_bridge_or4_ktp1.0_ksl0.6_20250921_134936/state.json,184449,242766,7,,,,
grid_USDJPY_bridge_or4_ktp1.0_ksl0.8_20250921_134947,runs/grid_USDJPY_bridge_or4_ktp1.0_ksl0.8_20250921_134947,20250921_134947,USDJPY,bridge,100000.0,4,1.0,0.8,,0.3,0.4,,True,"LDN,NY",10,,,,,,,,25,16,46.84914617530467,,,0.64,1.8739658470121867,runs/grid_USDJPY_bridge_or4_ktp1.0_ksl0.8_20250921_134947/state.json,184449,243057,9,,,,
grid_USDJPY_bridge_or4_ktp1.2_ksl0.4_20250921_134957,runs/grid_USDJPY_bridge_or4_ktp1.2_ksl0.4_20250921_134957,20250921_134957,USDJPY,bridge,100000.0,4,1.2,0.4,,0.3,0.4,,True,"LDN,NY",10,,,,,,,,1145,508,279.69525796572526,,,0.44366812227074237,0.24427533446788233,runs/grid_USDJPY_bridge_or4_ktp1.2_ksl0.4_20250921_134957/state.json,184207,153430,5,,,,
grid_USDJPY_bridge_or4_ktp1.2_ksl0.6_20250921_135008,runs/grid_USDJPY_bridge_or4_ktp1.2_ksl0.6_20250921_135008,20250921_135008,USDJPY,bridge,100000.0,4,1.2,0.6,,0.3,0.4,,True,"LDN,NY",10,,,,,,,,44,22,50.815639128423015,,,0.5,1.1549008892823414,runs/grid_USDJPY_bridge_or4_ktp1.2_ksl0.6_20250921_135008/state.json,184449,242307,6,,,,
grid_USDJPY_bridge_or4_ktp1.2_ksl0.8_20250921_135020,runs/grid_USDJPY_bridge_or4_ktp1.2_ksl0.8_20250921_135020,20250921_135020,USDJPY,bridge,100000.0,4,1.2,0.8,,0.3,0.4,,True,"LDN,NY",10,,,,,,,,48,27,-8.322857142862517,,,0.5625,-0.17339285714296912,runs/grid_USDJPY_bridge_or4_ktp1.2_ksl0.8_20250921_135020/state.json,184449,242096,7,,,,
grid_USDJPY_bridge_or6_ktp0.6_ksl0.4_20250921_135031,runs/grid_USDJPY_bridge_or6_ktp0.6_ksl0.4_20250921_135031,20250921_135031,USDJPY,bridge,100000.0,6,0.6,0.4,,0.3,0.4,,True,"LDN,NY",10,,,,,,,,30,18,-22.91951532964532,,,0.6,-0.7639838443215107,runs/grid_USDJPY_bridge_or6_ktp0.6_ksl0.4_20250921_135031/state.json,177517,223239,10,,,,
grid_USDJPY_bridge_or6_ktp0.6_ksl0.6_20250921_135042,runs/grid_USDJPY_bridge_or6_ktp0.6_ksl0.6_20250921_135042,20250921_135042,USDJPY,bridge,100000.0,6,0.6,0.6,,0.3,0.4,,True,"LDN,NY",10,,,,,,,,12,9,-13.31142857142828,,,0.75,-1.10928571428569,runs/grid_USDJPY_bridge_or6_ktp0.6_ksl0.6_20250921_135042/state.json,177517,223902,10,,,,
grid_USDJPY_bridge_or6_ktp0.6_ksl0.8_20250921_135053,runs/grid_USDJPY_bridge_or6_ktp0.6_ksl0.8_20250921_135053,20250921_135053,USDJPY,bridge,100000.0,6,0.6,0.8,,0.3,0.4,,True,"LDN,NY",10,,,,,,,,11,9,-12.752857142856328,,,0.8181818181818182,-1.1593506493505752,runs/grid_USDJPY_bridge_or6_ktp0.6_ksl0.8_20250921_135053/state.json,177517,223957,10,,,,
grid_USDJPY_bridge_or6_ktp0.8_ksl0.4_20250921_135104,runs/grid_USDJPY_bridge_or6_ktp0.8_ksl0.4_20250921_135104,20250921_135104,USDJPY,bridge,100000.0,6,0.8,0.4,,0.3,0.4,,True,"LDN,NY",10,,,,,,,,29,15,-69.04955525061251,,,0.5172413793103449,-2.381019146572845,runs/grid_USDJPY_bridge_or6_ktp0.8_ksl0.4_20250921_135104/state.json,177517,223323,7,,,,
grid_USDJPY_bridge_or6_ktp0.8_ksl0.6_20250921_135115,runs/grid_USDJPY_bridge_or6_ktp0.8_ksl0.6_20250921_135115,20250921_135115,USDJPY,bridge,100000.0,6,0.8,0.6,,0.3,0.4,,True,"LDN,NY",10,,,,,,,,26,16,-45.13831457232601,,,0.6153846153846154,-1.736089022012539,runs/grid_USDJPY_bridge_or6_ktp0.8_ksl0.6_20250921_135115/state.json,177517,223412,9,,,,
grid_USDJPY_bridge_or6_ktp0.8_ksl0.8_20250921_135126,runs/grid_USDJPY_bridge_or6_ktp0.8_ksl0.8_20250921_135126,20250921_135126,USDJPY,bridge,100000.0,6,0.8,0.8,,0.3,0.4,,True,"LDN,NY",10,,,,,,,,15,11,-7.001584001031063,,,0.7333333333333333,-0.4667722667354042,runs/grid_USDJPY_bridge_or6_ktp0.8_ksl0.8_20250921_135126/state.json,177517,223761,10,,,,
grid_USDJPY_bridge_or6_ktp1.0_ksl0.4_20250921_135137,runs/grid_USDJPY_bridge_or6_ktp1.0_ksl0.4_20250921_135137,20250921_135137,USDJPY,bridge,100000.0,6,1.0,0.4,,0.3,0.4,,True,"LDN,NY",10,,,,,,,,34,16,-57.44214495798286,,,0.47058823529411764,-1.6894748517053784,runs/grid_USDJPY_bridge_or6_ktp1.0_ksl0.4_20250921_135137/state.json,177517,222972,6,,,,
grid_USDJPY_bridge_or6_ktp1.0_ksl0.6_20250921_135148,runs/grid_USDJPY_bridge_or6_ktp1.0_ksl0.6_20250921_135148,20250921_135148,USDJPY,bridge,100000.0,6,1.0,0.6,,0.3,0.4,,True,"LDN,NY",10,,,,,,,,29,16,-43.7634507083406,,,0.5517241379310345,-1.5090845071841585,runs/grid_USDJPY_bridge_or6_ktp1.0_ksl0.6_20250921_135148/state.json,177517,223261,7,,,,
grid_USDJPY_bridge_or6_ktp1.0_ksl0.8_20250921_135159,runs/grid_USDJPY_bridge_or6_ktp1.0_ksl0.8_20250921_135159,20250921_135159,USDJPY,bridge,100000.0,6,1.0,0.8,,0.3,0.4,,True,"LDN,NY",10,,,,,,,,27,17,-61.162332388884465,,,0.6296296296296297,-2.265271569958684,runs/grid_USDJPY_bridge_or6_ktp1.0_ksl0.8_20250921_135159/state.json,177517,223291,8,,,,
grid_USDJPY_bridge_or6_ktp1.2_ksl0.4_20250921_135210,runs/grid_USDJPY_bridge_or6_ktp1.2_ksl0.4_20250921_135210,20250921_135210,USDJPY,bridge,100000.0,6,1.2,0.4,,0.3,0.4,,True,"LDN,NY",10,,,,,,,,44,18,-63.92985246858285,,,0.4090909090909091,-1.452951192467792,runs/grid_USDJPY_bridge_or6_ktp1.2_ksl0.4_20250921_135210/state.json,177517,222554,5,,,,
grid_USDJPY_bridge_or6_ktp1.2_ksl0.6_20250921_135221,runs/grid_USDJPY_bridge_or6_ktp1.2_ksl0.6_20250921_135221,20250921_135221,USDJPY,bridge,100000.0,6,1.2,0.6,,0.3,0.4,,True,"LDN,NY",10,,,,,,,,32,16,-72.72719657863041,,,0.5,-2.2727248930822004,runs/grid_USDJPY_bridge_or6_ktp1.2_ksl0.6_20250921_135221/state.json,177517,223086,6,,,,
grid_USDJPY_bridge_or6_ktp1.2_ksl0.8_20250921_135232,runs/grid_USDJPY_bridge_or6_ktp1.2_ksl0.8_20250921_135232,20250921_135232,USDJPY,bridge,100000.0,6,1.2,0.8,,0.3,0.4,,True,"LDN,NY",10,,,,,,,,27,16,-32.902857142853236,,,0.5925925925925926,-1.218624338624194,runs/grid_USDJPY_bridge_or6_ktp1.2_ksl0.8_20250921_135232/state.json,177517,223328,7,,,,
grid_USDJPY_bridge_or8_ktp0.6_ksl0.4_20250921_135243,runs/grid_USDJPY_bridge_or8_ktp0.6_ksl0.4_20250921_135243,20250921_135243,USDJPY,bridge,100000.0,8,0.6,0.4,,0.3,0.4,,True,"LDN,NY",10,,,,,,,,21,13,-10.17916677010038,,,0.6190476190476191,-0.48472222714763713,runs/grid_USDJPY_bridge_or8_ktp0.6_ksl0.4_20250921_135243/state.json,171511,198779,10,,,,
grid_USDJPY_bridge_or8_ktp0.6_ksl0.6_20250921_135254,runs/grid_USDJPY_bridge_or8_ktp0.6_ksl0.6_20250921_135254,20250921_135254,USDJPY,bridge,100000.0,8,0.6,0.6,,0.3,0.4,,True,"LDN,NY",10,,,,,,,,14,10,-16.470000000003154,,,0.7142857142857143,-1.1764285714287968,runs/grid_USDJPY_bridge_or8_ktp0.6_ksl0.6_20250921_135254/state.json,171511,198943,10,,,,
grid_USDJPY_bridge_or8_ktp0.6_ksl0.8_20250921_135305,runs/grid_USDJPY_bridge_or8_ktp0.6_ksl0.8_20250921_135305,20250921_135305,USDJPY,bridge,100000.0,8,0.6,0.8,,0.3,0.4,,True,"LDN,NY",10,,,,,,,,18,14,1.515526390311436,,,0.7777777777777778,0.08419591057285755,runs/grid_USDJPY_bridge_or8_ktp0.6_ksl0.8_20250921_135305/state.json,171511,198932,10,,,,
grid_USDJPY_bridge_or8_ktp0.8_ksl0.4_20250921_135316,runs/grid_USDJPY_bridge_or8_ktp0.8_ksl0.4_20250921_135316,20250921_135316,USDJPY,bridge,100000.0,8,0.8,0.4,,0.3,0.4,,True,"LDN,NY",10,,,,,,,,56,28,-30.76372373382685,,,0.5,-0.5493522095326223,runs/grid_USDJPY_bridge_or8_ktp0.8_ksl0.4_20250921_135316/state.json,171511,197693,9,,,,
grid_USDJPY_bridge_or8_ktp0.8_ksl0.6_20250921_135327,runs/grid_USDJPY_bridge_or8_ktp0.8_ksl0.6_20250921_135327,20250921_135327,USDJPY,bridge,100000.0,8,0.8,0.6,,0.3,0.4,,True,"LDN,NY",10,,,,,,,,24,15,-30.3938416420375,,,0.625,-1.2664100684182291,runs/grid_USDJPY_bridge_or8_ktp0.8_ksl0.6_20250921_135327/state.json,171511,198662,10,,,,
grid_USDJPY_bridge_or8_ktp0.8_ksl0.8_20250921_135340,runs/grid_USDJPY_bridge_or8_ktp0.8_ksl0.8_20250921_135340,20250921_135340,USDJPY,bridge,100000.0,8,0.8,0.8,,0.3,0.4,,True,"LDN,NY",10,,,,,,,,12,9,-11.542857142859248,,,0.75,-0.9619047619049373,runs/grid_USDJPY_bridge_or8_ktp0.8_ksl0.8_20250921_135340/state.json,171511,199035,10,,,,
grid_USDJPY_bridge_or8_ktp1.0_ksl0.4_20250921_135351,runs/grid_USDJPY_bridge_or8_ktp1.0_ksl0.4_20250921_135351,20250921_135351,USDJPY,bridge,100000.0,8,1.0,0.4,,0.3,0.4,,True,"LDN,NY",10,,,,,,,,50,23,16.926766890669853,,,0.46,0.33853533781339706,runs/grid_USDJPY_bridge_or8_ktp1.0_ksl0.4_20250921_135351/state.json,171511,197877,7,,,,
grid_USDJPY_bridge_or8_ktp1.0_ksl0.6_20250921_135402,runs/grid_USDJPY_bridge_or8_ktp1.0_ksl0.6_20250921_135402,20250921_135402,USDJPY,bridge,100000.0,8,1.0,0.6,,0.3,0.4,,True,"LDN,NY",10,,,,,,,,38,21,20.264599860179317,,,0.5526315789473685,0.5332789436889294,runs/grid_USDJPY_bridge_or8_ktp1.0_ksl0.6_20250921_135402/state.json,171511,198230,8,,,,
grid_USDJPY_bridge_or8_ktp1.0_ksl0.8_20250921_135413,runs/grid_USDJPY_bridge_or8_ktp1.0_ksl0.8_20250921_135413,20250921_135413,USDJPY,bridge,100000.0,8,1.0,0.8,,0.3,0.4,,True,"LDN,NY",10,,,,,,,,29,18,-12.604285714276784,,,0.6206896551724138,-0.43463054187161326,runs/grid_USDJPY_bridge_or8_ktp1.0_ksl0.8_20250921_135413/state.json,171511,198504,10,,,,
grid_USDJPY_bridge_or8_ktp1.2_ksl0.4_20250921_135424,runs/grid_USDJPY_bridge_or8_ktp1.2_ksl0.4_20250921_135424,20250921_135424,USDJPY,bridge,100000.0,8,1.2,0.4,,0.3,0.4,,True,"LDN,NY",10,,,,,,,,102,41,56.04322238776598,,,0.4019607843137255,0.5494433567428038,runs/grid_USDJPY_bridge_or8_ktp1.2_ksl0.4_20250921_135424/state.json,171511,196143,5,,,,
grid_USDJPY_bridge_or8_ktp1.2_ksl0.6_20250921_135435,runs/grid_USDJPY_bridge_or8_ktp1.2_ksl0.6_20250921_135435,20250921_135435,USDJPY,bridge,100000.0,8,1.2,0.6,,0.3,0.4,,True,"LDN,NY",10,,,,,,,,35,18,-32.06291086434902,,,0.5142857142857142,-0.9160831675528291,runs/grid_USDJPY_bridge_or8_ktp1.2_ksl0.6_20250921_135435/state.json,171511,198296,7,,,,
grid_USDJPY_bridge_or8_ktp1.2_ksl0.8_20250921_135446,runs/grid_USDJPY_bridge_or8_ktp1.2_ksl0.8_20250921_135446,20250921_135446,USDJPY,bridge,100000.0,8,1.2,0.8,,0.3,0.4,,True,"LDN,NY",10,,,,,,,,36,21,0.7396624250581567,,,0.5833333333333334,0.020546178473837686,runs/grid_USDJPY_bridge_or8_ktp1.2_ksl0.8_20250921_135446/state.json,171511,198331,8,,,,
grid_USDJPY_conservative_or4_ktp0.6_ksl0.4_20250921_135832,runs/grid_USDJPY_conservative_or4_ktp0.6_ksl0.4_20250921_135832,20250921_135832,USDJPY,conservative,100000.0,4,0.6,0.4,,0.3,,,False,"LDN,NY",10,,,,,,,,25,15,10.69571428572118,,,0.6,0.4278285714288472,runs/grid_USDJPY_conservative_or4_ktp0.6_ksl0.4_20250921_135832/state.json,211778,215680,10,,,,
grid_USDJPY_conservative_or4_ktp0.6_ksl0.6_20250921_135843,runs/grid_USDJPY_conservative_or4_ktp0.6_ksl0.6_20250921_135843,20250921_135843,USDJPY,conservative,100000.0,4,0.6,0.6,,0.3,,,False,"LDN,NY",10,,,,,,,,12,9,-14.907142857141537,,,0.75,-1.2422619047617947,runs/grid_USDJPY_conservative_or4_ktp0.6_ksl0.6_20250921_135843/state.json,211778,216239,10,,,,
grid_USDJPY_conservative_or4_ktp0.6_ksl0.8_20250921_135854,runs/grid_USDJPY_conservative_or4_ktp0.6_ksl0.8_20250921_135854,20250921_135854,USDJPY,conservative,100000.0,4,0.6,0.8,,0.3,,,False,"LDN,NY",10,,,,,,,,11,9,-13.725714285713082,,,0.8181818181818182,-1.2477922077920984,runs/grid_USDJPY_conservative_or4_ktp0.6_ksl0.8_20250921_135854/state.json,211778,216294,10,,,,
grid_USDJPY_conservative_or4_ktp1.2_ksl0.4_20250921_135952,runs/grid_USDJPY_conservative_or4_ktp1.2_ksl0.4_20250921_135952,20250921_135952,USDJPY,conservative,100000.0,4,1.2,0.4,,0.3,0.4,,True,"LDN,NY",10,,,,,,,,898,394,182.79714285720934,,,0.43875278396436523,0.20356029271404158,runs/grid_USDJPY_conservative_or4_ktp1.2_ksl0.4_20250921_135952/state.json,184280,176311,5,,,,
grid_USDJPY_conservative_or4_ktp1.2_ksl0.4_20250921_140158,runs/grid_USDJPY_conservative_or4_ktp1.2_ksl0.4_20250921_140158,20250921_140158,USDJPY,conservative,100000.0,4,1.2,0.4,,0.3,0.4,,True,"LDN,NY",10,,,,,,,,1885,806,-2249.034675908187,,,0.42758620689655175,-1.1931218439831233,runs/grid_USDJPY_conservative_or4_ktp1.2_ksl0.4_20250921_140158/state.json,184172,138191,5,,,,
grid_USDJPY_conservative_or4_ktp1.2_ksl0.4_20250921_152012,runs/grid_USDJPY_conservative_or4_ktp1.2_ksl0.4_20250921_152012,20250921_152012,USDJPY,conservative,100000.0,4,1.2,0.4,,0.3,0.4,,True,"LDN,NY",10,,,,,,,,1885,806,-2249.034675908187,,,0.42758620689655175,-1.1931218439831233,runs/grid_USDJPY_conservative_or4_ktp1.2_ksl0.4_20250921_152012/state.json,184172,138191,5,,,,
grid_USDJPY_conservative_or4_ktp0.8_ksl0.4_20250921_212705,runs/grid_USDJPY_conservative_or4_ktp0.8_ksl0.4_20250921_212705,20250921_212705,USDJPY,conservative,100000.0,4,0.8,0.4,,0.3,,,False,"LDN,NY",10,,,,,,,,37,19,-15.588591085053984,,,0.5135135135135135,-0.4213132725690266,runs/grid_USDJPY_conservative_or4_ktp0.8_ksl0.4_20250921_212705/state.json,,,,,,,
grid_USDJPY_conservative_or4_ktp0.8_ksl0.6_20250921_212717,runs/grid_USDJPY_conservative_or4_ktp0.8_ksl0.6_20250921_212717,20250921_212717,USDJPY,conservative,100000.0,4,0.8,0.6,,0.3,,,False,"LDN,NY",10,,,,,,,,32,20,-16.36016578260258,,,0.625,-0.5112551807063306,runs/grid_USDJPY_conservative_or4_ktp0.8_ksl0.6_20250921_212717/state.json,,,,,,,
grid_USDJPY_conservative_or4_ktp1.0_ksl0.4_20250921_212728,runs/grid_USDJPY_conservative_or4_ktp1.0_ksl0.4_20250921_212728,20250921_212728,USDJPY,conservative,100000.0,4,1.0,0.4,,0.3,,,False,"LDN,NY",10,,,,,,,,35,16,-30.458343987852576,,,0.45714285714285713,-0.8702383996529307,runs/grid_USDJPY_conservative_or4_ktp1.0_ksl0.4_20250921_212728/state.json,,,,,,,
grid_USDJPY_conservative_or4_ktp1.0_ksl0.6_20250921_212740,runs/grid_USDJPY_conservative_or4_ktp1.0_ksl0.6_20250921_212740,20250921_212740,USDJPY,conservative,100000.0,4,1.0,0.6,,0.3,,,False,"LDN,NY",10,,,,,,,,36,20,-33.309816668755424,,,0.5555555555555556,-0.9252726852432063,runs/grid_USDJPY_conservative_or4_ktp1.0_ksl0.6_20250921_212740/state.json,,,,,,,
grid_USDJPY_conservative_or6_ktp0.8_ksl0.4_20250921_212751,runs/grid_USDJPY_conservative_or6_ktp0.8_ksl0.4_20250921_212751,20250921_212751,USDJPY,conservative,100000.0,6,0.8,0.4,,0.3,,,False,"LDN,NY",10,,,,,,,,23,12,-71.79552911054623,,,0.5217391304347826,-3.1215447439367923,runs/grid_USDJPY_conservative_or6_ktp0.8_ksl0.4_20250921_212751/state.json,,,,,,,
grid_USDJPY_conservative_or6_ktp0.8_ksl0.6_20250921_212802,runs/grid_USDJPY_conservative_or6_ktp0.8_ksl0.6_20250921_212802,20250921_212802,USDJPY,conservative,100000.0,6,0.8,0.6,,0.3,,,False,"LDN,NY",10,,,,,,,,26,16,-53.49982086164454,,,0.6153846153846154,-2.0576854177555592,runs/grid_USDJPY_conservative_or6_ktp0.8_ksl0.6_20250921_212802/state.json,,,,,,,
grid_USDJPY_conservative_or6_ktp1.0_ksl0.4_20250921_212814,runs/grid_USDJPY_conservative_or6_ktp1.0_ksl0.4_20250921_212814,20250921_212814,USDJPY,conservative,100000.0,6,1.0,0.4,,0.3,,,False,"LDN,NY",10,,,,,,,,30,14,-78.00218654941003,,,0.4666666666666667,-2.6000728849803343,runs/grid_USDJPY_conservative_or6_ktp1.0_ksl0.4_20250921_212814/state.json,,,,,,,
grid_USDJPY_conservative_or6_ktp1.0_ksl0.6_20250921_212825,runs/grid_USDJPY_conservative_or6_ktp1.0_ksl0.6_20250921_212825,20250921_212825,USDJPY,conservative,100000.0,6,1.0,0.6,,0.3,,,False,"LDN,NY",10,,,,,,,,23,13,-39.81379071094494,,,0.5652173913043478,-1.7310343787367366,runs/grid_USDJPY_conservative_or6_ktp1.0_ksl0.6_20250921_212825/state.json,,,,,,,
grid_USDJPY_conservative_or4_ktp0.8_ksl0.4_20250921_212856,runs/grid_USDJPY_conservative_or4_ktp0.8_ksl0.4_20250921_212856,20250921_212856,USDJPY,conservative,100000.0,4,0.8,0.4,,0.3,,,False,"LDN,NY",10,,,,,,,,37,19,-15.588591085053984,,,0.5135135135135135,-0.4213132725690266,runs/grid_USDJPY_conservative_or4_ktp0.8_ksl0.4_20250921_212856/state.json,,,,,,,
grid_USDJPY_conservative_or4_ktp0.8_ksl0.6_20250921_212907,runs/grid_USDJPY_conservative_or4_ktp0.8_ksl0.6_20250921_212907,20250921_212907,USDJPY,conservative,100000.0,4,0.8,0.6,,0.3,,,False,"LDN,NY",10,,,,,,,,32,20,-16.36016578260258,,,0.625,-0.5112551807063306,runs/grid_USDJPY_conservative_or4_ktp0.8_ksl0.6_20250921_212907/state.json,,,,,,,
grid_USDJPY_conservative_or4_ktp1.0_ksl0.4_20250921_212919,runs/grid_USDJPY_conservative_or4_ktp1.0_ksl0.4_20250921_212919,20250921_212919,USDJPY,conservative,100000.0,4,1.0,0.4,,0.3,,,False,"LDN,NY",10,,,,,,,,35,16,-30.458343987852576,,,0.45714285714285713,-0.8702383996529307,runs/grid_USDJPY_conservative_or4_ktp1.0_ksl0.4_20250921_212919/state.json,,,,,,,
grid_USDJPY_conservative_or4_ktp1.0_ksl0.6_20250921_212930,runs/grid_USDJPY_conservative_or4_ktp1.0_ksl0.6_20250921_212930,20250921_212930,USDJPY,conservative,100000.0,4,1.0,0.6,,0.3,,,False,"LDN,NY",10,,,,,,,,36,20,-33.309816668755424,,,0.5555555555555556,-0.9252726852432063,runs/grid_USDJPY_conservative_or4_ktp1.0_ksl0.6_20250921_212930/state.json,,,,,,,
grid_USDJPY_conservative_or6_ktp0.8_ksl0.4_20250921_212941,runs/grid_USDJPY_conservative_or6_ktp0.8_ksl0.4_20250921_212941,20250921_212941,USDJPY,conservative,100000.0,6,0.8,0.4,,0.3,,,False,"LDN,NY",10,,,,,,,,23,12,-71.79552911054623,,,0.5217391304347826,-3.1215447439367923,runs/grid_USDJPY_conservative_or6_ktp0.8_ksl0.4_20250921_212941/state.json,,,,,,,
grid_USDJPY_conservative_or6_ktp0.8_ksl0.6_20250921_212952,runs/grid_USDJPY_conservative_or6_ktp0.8_ksl0.6_20250921_212952,20250921_212952,USDJPY,conservative,100000.0,6,0.8,0.6,,0.3,,,False,"LDN,NY",10,,,,,,,,26,16,-53.49982086164454,,,0.6153846153846154,-2.0576854177555592,runs/grid_USDJPY_conservative_or6_ktp0.8_ksl0.6_20250921_212952/state.json,,,,,,,
grid_USDJPY_conservative_or6_ktp1.0_ksl0.4_20250921_213004,runs/grid_USDJPY_conservative_or6_ktp1.0_ksl0.4_20250921_213004,20250921_213004,USDJPY,conservative,100000.0,6,1.0,0.4,,0.3,,,False,"LDN,NY",10,,,,,,,,30,14,-78.00218654941003,,,0.4666666666666667,-2.6000728849803343,runs/grid_USDJPY_conservative_or6_ktp1.0_ksl0.4_20250921_213004/state.json,,,,,,,
grid_USDJPY_conservative_or6_ktp1.0_ksl0.6_20250921_213015,runs/grid_USDJPY_conservative_or6_ktp1.0_ksl0.6_20250921_213015,20250921_213015,USDJPY,conservative,100000.0,6,1.0,0.6,,0.3,,,False,"LDN,NY",10,,,,,,,,23,13,-39.81379071094494,,,0.5652173913043478,-1.7310343787367366,runs/grid_USDJPY_conservative_or6_ktp1.0_ksl0.6_20250921_213015/state.json,,,,,,,
grid_USDJPY_conservative_or4_ktp0.8_ksl0.4_20250922_091616,runs/grid_USDJPY_conservative_or4_ktp0.8_ksl0.4_20250922_091616,20250922_091616,USDJPY,conservative,100000.0,4,0.8,0.4,,0.3,,,False,"LDN,NY",10,,,,,,,,37,19,18.780000000004065,,,0.5135135135135135,0.5075675675676774,runs/grid_USDJPY_conservative_or4_ktp0.8_ksl0.4_20250922_091616/state.json,,,,,,,
grid_USDJPY_conservative_or4_ktp0.8_ksl0.6_20250922_091627,runs/grid_USDJPY_conservative_or4_ktp0.8_ksl0.6_20250922_091627,20250922_091627,USDJPY,conservative,100000.0,4,0.8,0.6,,0.3,,,False,"LDN,NY",10,,,,,,,,32,20,5.434285714288137,,,0.625,0.16982142857150428,runs/grid_USDJPY_conservative_or4_ktp0.8_ksl0.6_20250922_091627/state.json,,,,,,,
grid_USDJPY_conservative_or4_ktp1.0_ksl0.4_20250922_091639,runs/grid_USDJPY_conservative_or4_ktp1.0_ksl0.4_20250922_091639,20250922_091639,USDJPY,conservative,100000.0,4,1.0,0.4,,0.3,,,False,"LDN,NY",10,,,,,,,,35,16,4.344285714294642,,,0.45714285714285713,0.12412244897984692,runs/grid_USDJPY_conservative_or4_ktp1.0_ksl0.4_20250922_091639/state.json,,,,,,,
grid_USDJPY_conservative_or4_ktp1.0_ksl0.6_20250922_091652,runs/grid_USDJPY_conservative_or4_ktp1.0_ksl0.6_20250922_091652,20250922_091652,USDJPY,conservative,100000.0,4,1.0,0.6,,0.3,,,False,"LDN,NY",10,,,,,,,,36,20,-12.825714285714469,,,0.5555555555555556,-0.35626984126984634,runs/grid_USDJPY_conservative_or4_ktp1.0_ksl0.6_20250922_091652/state.json,,,,,,,
grid_USDJPY_conservative_or6_ktp0.8_ksl0.4_20250922_091703,runs/grid_USDJPY_conservative_or6_ktp0.8_ksl0.4_20250922_091703,20250922_091703,USDJPY,conservative,100000.0,6,0.8,0.4,,0.3,,,False,"LDN,NY",10,,,,,,,,23,12,-54.460000000000775,,,0.5217391304347826,-2.3678260869565553,runs/grid_USDJPY_conservative_or6_ktp0.8_ksl0.4_20250922_091703/state.json,,,,,,,
grid_USDJPY_conservative_or6_ktp0.8_ksl0.6_20250922_091714,runs/grid_USDJPY_conservative_or6_ktp0.8_ksl0.6_20250922_091714,20250922_091714,USDJPY,conservative,100000.0,6,0.8,0.6,,0.3,,,False,"LDN,NY",10,,,,,,,,26,16,-37.45857142856909,,,0.6153846153846154,-1.4407142857141957,runs/grid_USDJPY_conservative_or6_ktp0.8_ksl0.6_20250922_091714/state.json,,,,,,,
grid_USDJPY_conservative_or6_ktp1.0_ksl0.4_20250922_091726,runs/grid_USDJPY_conservative_or6_ktp1.0_ksl0.4_20250922_091726,20250922_091726,USDJPY,conservative,100000.0,6,1.0,0.4,,0.3,,,False,"LDN,NY",10,,,,,,,,30,14,-52.18285714285656,,,0.4666666666666667,-1.739428571428552,runs/grid_USDJPY_conservative_or6_ktp1.0_ksl0.4_20250922_091726/state.json,,,,,,,
grid_USDJPY_conservative_or6_ktp1.0_ksl0.6_20250922_091737,runs/grid_USDJPY_conservative_or6_ktp1.0_ksl0.6_20250922_091737,20250922_091737,USDJPY,conservative,100000.0,6,1.0,0.6,,0.3,,,False,"LDN,NY",10,,,,,,,,23,13,-24.647142857143024,,,0.5652173913043478,-1.0716149068323053,runs/grid_USDJPY_conservative_or6_ktp1.0_ksl0.6_20250922_091737/state.json,,,,,,,
grid_USDJPY_conservative_or4_ktp0.8_ksl0.4_20250922_091749,runs/grid_USDJPY_conservative_or4_ktp0.8_ksl0.4_20250922_091749,20250922_091749,USDJPY,conservative,100000.0,4,0.8,0.4,,0.3,,,False,"LDN,NY",10,,,,,,,,37,19,18.780000000004065,,,0.5135135135135135,0.5075675675676774,runs/grid_USDJPY_conservative_or4_ktp0.8_ksl0.4_20250922_091749/state.json,,,,,,,
grid_USDJPY_conservative_or4_ktp0.8_ksl0.6_20250922_091800,runs/grid_USDJPY_conservative_or4_ktp0.8_ksl0.6_20250922_091800,20250922_091800,USDJPY,conservative,100000.0,4,0.8,0.6,,0.3,,,False,"LDN,NY",10,,,,,,,,32,20,5.434285714288137,,,0.625,0.16982142857150428,runs/grid_USDJPY_conservative_or4_ktp0.8_ksl0.6_20250922_091800/state.json,,,,,,,
grid_USDJPY_conservative_or4_ktp1.0_ksl0.4_20250922_091812,runs/grid_USDJPY_conservative_or4_ktp1.0_ksl0.4_20250922_091812,20250922_091812,USDJPY,conservative,100000.0,4,1.0,0.4,,0.3,,,False,"LDN,NY",10,,,,,,,,35,16,4.344285714294642,,,0.45714285714285713,0.12412244897984692,runs/grid_USDJPY_conservative_or4_ktp1.0_ksl0.4_20250922_091812/state.json,,,,,,,
grid_USDJPY_conservative_or4_ktp1.0_ksl0.6_20250922_091824,runs/grid_USDJPY_conservative_or4_ktp1.0_ksl0.6_20250922_091824,20250922_091824,USDJPY,conservative,100000.0,4,1.0,0.6,,0.3,,,False,"LDN,NY",10,,,,,,,,36,20,-12.825714285714469,,,0.5555555555555556,-0.35626984126984634,runs/grid_USDJPY_conservative_or4_ktp1.0_ksl0.6_20250922_091824/state.json,,,,,,,
grid_USDJPY_conservative_or6_ktp0.8_ksl0.4_20250922_091836,runs/grid_USDJPY_conservative_or6_ktp0.8_ksl0.4_20250922_091836,20250922_091836,USDJPY,conservative,100000.0,6,0.8,0.4,,0.3,,,False,"LDN,NY",10,,,,,,,,23,12,-54.460000000000775,,,0.5217391304347826,-2.3678260869565553,runs/grid_USDJPY_conservative_or6_ktp0.8_ksl0.4_20250922_091836/state.json,,,,,,,
grid_USDJPY_conservative_or6_ktp0.8_ksl0.6_20250922_091847,runs/grid_USDJPY_conservative_or6_ktp0.8_ksl0.6_20250922_091847,20250922_091847,USDJPY,conservative,100000.0,6,0.8,0.6,,0.3,,,False,"LDN,NY",10,,,,,,,,26,16,-37.45857142856909,,,0.6153846153846154,-1.4407142857141957,runs/grid_USDJPY_conservative_or6_ktp0.8_ksl0.6_20250922_091847/state.json,,,,,,,
grid_USDJPY_conservative_or6_ktp1.0_ksl0.4_20250922_091859,runs/grid_USDJPY_conservative_or6_ktp1.0_ksl0.4_20250922_091859,20250922_091859,USDJPY,conservative,100000.0,6,1.0,0.4,,0.3,,,False,"LDN,NY",10,,,,,,,,30,14,-52.18285714285656,,,0.4666666666666667,-1.739428571428552,runs/grid_USDJPY_conservative_or6_ktp1.0_ksl0.4_20250922_091859/state.json,,,,,,,
grid_USDJPY_conservative_or6_ktp1.0_ksl0.6_20250922_091910,runs/grid_USDJPY_conservative_or6_ktp1.0_ksl0.6_20250922_091910,20250922_091910,USDJPY,conservative,100000.0,6,1.0,0.6,,0.3,,,False,"LDN,NY",10,,,,,,,,23,13,-24.647142857143024,,,0.5652173913043478,-1.0716149068323053,runs/grid_USDJPY_conservative_or6_ktp1.0_ksl0.6_20250922_091910/state.json,,,,,,,
grid_USDJPY_conservative_or4_ktp1.0_ksl0.6_20250922_091942,runs/grid_USDJPY_conservative_or4_ktp1.0_ksl0.6_20250922_091942,20250922_091942,USDJPY,conservative,100000.0,4,1.0,0.6,,0.3,,,False,"LDN,NY",10,,,,,,,,36,20,-12.825714285714469,,,0.5555555555555556,-0.35626984126984634,runs/grid_USDJPY_conservative_or4_ktp1.0_ksl0.6_20250922_091942/state.json,,,,,,,
grid_USDJPY_conservative_or4_ktp1.0_ksl0.6_20250922_091954,runs/grid_USDJPY_conservative_or4_ktp1.0_ksl0.6_20250922_091954,20250922_091954,USDJPY,conservative,100000.0,4,1.0,0.6,,0.3,,,False,"LDN,NY",10,,,,,,,,36,20,-12.825714285714469,,,0.5555555555555556,-0.35626984126984634,runs/grid_USDJPY_conservative_or4_ktp1.0_ksl0.6_20250922_091954/state.json,,,,,,,
grid_USDJPY_conservative_or4_ktp1.0_ksl0.6_20250922_092007,runs/grid_USDJPY_conservative_or4_ktp1.0_ksl0.6_20250922_092007,20250922_092007,USDJPY,conservative,100000.0,4,1.0,0.6,,0.3,,,False,"LDN,NY",10,,,,,,,,36,20,-12.825714285714469,,,0.5555555555555556,-0.35626984126984634,runs/grid_USDJPY_conservative_or4_ktp1.0_ksl0.6_20250922_092007/state.json,,,,,,,
grid_USDJPY_conservative_or4_ktp1.0_ksl0.6_20250922_092019,runs/grid_USDJPY_conservative_or4_ktp1.0_ksl0.6_20250922_092019,20250922_092019,USDJPY,conservative,100000.0,4,1.0,0.6,,0.3,,,False,"LDN,NY",10,,,,,,,,36,20,-12.825714285714469,,,0.5555555555555556,-0.35626984126984634,runs/grid_USDJPY_conservative_or4_ktp1.0_ksl0.6_20250922_092019/state.json,,,,,,,
grid_USDJPY_conservative_or4_ktp0.8_ksl0.4_20250922_092450,runs/grid_USDJPY_conservative_or4_ktp0.8_ksl0.4_20250922_092450,20250922_092450,USDJPY,conservative,100000.0,4,0.8,0.4,,0.3,,,False,"LDN,NY",10,,,,,,,,37,19,-15.588591085053984,,,0.5135135135135135,-0.4213132725690266,runs/grid_USDJPY_conservative_or4_ktp0.8_ksl0.4_20250922_092450/state.json,,,,,,,
grid_USDJPY_conservative_or4_ktp0.8_ksl0.6_20250922_092501,runs/grid_USDJPY_conservative_or4_ktp0.8_ksl0.6_20250922_092501,20250922_092501,USDJPY,conservative,100000.0,4,0.8,0.6,,0.3,,,False,"LDN,NY",10,,,,,,,,32,20,-16.36016578260258,,,0.625,-0.5112551807063306,runs/grid_USDJPY_conservative_or4_ktp0.8_ksl0.6_20250922_092501/state.json,,,,,,,
grid_USDJPY_conservative_or4_ktp1.0_ksl0.4_20250922_092512,runs/grid_USDJPY_conservative_or4_ktp1.0_ksl0.4_20250922_092512,20250922_092512,USDJPY,conservative,100000.0,4,1.0,0.4,,0.3,,,False,"LDN,NY",10,,,,,,,,35,16,-30.458343987852576,,,0.45714285714285713,-0.8702383996529307,runs/grid_USDJPY_conservative_or4_ktp1.0_ksl0.4_20250922_092512/state.json,,,,,,,
grid_USDJPY_conservative_or4_ktp1.0_ksl0.6_20250922_092524,runs/grid_USDJPY_conservative_or4_ktp1.0_ksl0.6_20250922_092524,20250922_092524,USDJPY,conservative,100000.0,4,1.0,0.6,,0.3,,,False,"LDN,NY",10,,,,,,,,36,20,-33.309816668755424,,,0.5555555555555556,-0.9252726852432063,runs/grid_USDJPY_conservative_or4_ktp1.0_ksl0.6_20250922_092524/state.json,,,,,,,
grid_USDJPY_conservative_or6_ktp0.8_ksl0.4_20250922_092535,runs/grid_USDJPY_conservative_or6_ktp0.8_ksl0.4_20250922_092535,20250922_092535,USDJPY,conservative,100000.0,6,0.8,0.4,,0.3,,,False,"LDN,NY",10,,,,,,,,23,12,-71.79552911054623,,,0.5217391304347826,-3.1215447439367923,runs/grid_USDJPY_conservative_or6_ktp0.8_ksl0.4_20250922_092535/state.json,,,,,,,
grid_USDJPY_conservative_or6_ktp0.8_ksl0.6_20250922_092546,runs/grid_USDJPY_conservative_or6_ktp0.8_ksl0.6_20250922_092546,20250922_092546,USDJPY,conservative,100000.0,6,0.8,0.6,,0.3,,,False,"LDN,NY",10,,,,,,,,26,16,-53.49982086164454,,,0.6153846153846154,-2.0576854177555592,runs/grid_USDJPY_conservative_or6_ktp0.8_ksl0.6_20250922_092546/state.json,,,,,,,
grid_USDJPY_conservative_or6_ktp1.0_ksl0.4_20250922_092558,runs/grid_USDJPY_conservative_or6_ktp1.0_ksl0.4_20250922_092558,20250922_092558,USDJPY,conservative,100000.0,6,1.0,0.4,,0.3,,,False,"LDN,NY",10,,,,,,,,30,14,-78.00218654941003,,,0.4666666666666667,-2.6000728849803343,runs/grid_USDJPY_conservative_or6_ktp1.0_ksl0.4_20250922_092558/state.json,,,,,,,
grid_USDJPY_conservative_or6_ktp1.0_ksl0.6_20250922_092609,runs/grid_USDJPY_conservative_or6_ktp1.0_ksl0.6_20250922_092609,20250922_092609,USDJPY,conservative,100000.0,6,1.0,0.6,,0.3,,,False,"LDN,NY",10,,,,,,,,23,13,-39.81379071094494,,,0.5652173913043478,-1.7310343787367366,runs/grid_USDJPY_conservative_or6_ktp1.0_ksl0.6_20250922_092609/state.json,,,,,,,
grid_USDJPY_conservative_or4_ktp0.8_ksl0.4_20250922_111347,runs/grid_USDJPY_conservative_or4_ktp0.8_ksl0.4_20250922_111347,20250922_111347,USDJPY,conservative,100000.0,4,0.8,0.4,,0.3,,,False,"LDN,NY",10,,,,,,,,37,19,18.780000000004065,,,0.5135135135135135,0.5075675675676774,runs/grid_USDJPY_conservative_or4_ktp0.8_ksl0.4_20250922_111347/state.json,,,,,,,
grid_USDJPY_conservative_or4_ktp0.8_ksl0.6_20250922_111358,runs/grid_USDJPY_conservative_or4_ktp0.8_ksl0.6_20250922_111358,20250922_111358,USDJPY,conservative,100000.0,4,0.8,0.6,,0.3,,,False,"LDN,NY",10,,,,,,,,32,20,5.434285714288137,,,0.625,0.16982142857150428,runs/grid_USDJPY_conservative_or4_ktp0.8_ksl0.6_20250922_111358/state.json,,,,,,,
grid_USDJPY_conservative_or4_ktp1.0_ksl0.4_20250922_111409,runs/grid_USDJPY_conservative_or4_ktp1.0_ksl0.4_20250922_111409,20250922_111409,USDJPY,conservative,100000.0,4,1.0,0.4,,0.3,,,False,"LDN,NY",10,,,,,,,,35,16,4.344285714294642,,,0.45714285714285713,0.12412244897984692,runs/grid_USDJPY_conservative_or4_ktp1.0_ksl0.4_20250922_111409/state.json,,,,,,,
grid_USDJPY_conservative_or4_ktp1.0_ksl0.6_20250922_111421,runs/grid_USDJPY_conservative_or4_ktp1.0_ksl0.6_20250922_111421,20250922_111421,USDJPY,conservative,100000.0,4,1.0,0.6,,0.3,,,False,"LDN,NY",10,,,,,,,,36,20,-12.825714285714469,,,0.5555555555555556,-0.35626984126984634,runs/grid_USDJPY_conservative_or4_ktp1.0_ksl0.6_20250922_111421/state.json,,,,,,,
grid_USDJPY_conservative_or6_ktp0.8_ksl0.4_20250922_111432,runs/grid_USDJPY_conservative_or6_ktp0.8_ksl0.4_20250922_111432,20250922_111432,USDJPY,conservative,100000.0,6,0.8,0.4,,0.3,,,False,"LDN,NY",10,,,,,,,,23,12,-54.460000000000775,,,0.5217391304347826,-2.3678260869565553,runs/grid_USDJPY_conservative_or6_ktp0.8_ksl0.4_20250922_111432/state.json,,,,,,,
grid_USDJPY_conservative_or6_ktp0.8_ksl0.6_20250922_111443,runs/grid_USDJPY_conservative_or6_ktp0.8_ksl0.6_20250922_111443,20250922_111443,USDJPY,conservative,100000.0,6,0.8,0.6,,0.3,,,False,"LDN,NY",10,,,,,,,,26,16,-37.45857142856909,,,0.6153846153846154,-1.4407142857141957,runs/grid_USDJPY_conservative_or6_ktp0.8_ksl0.6_20250922_111443/state.json,,,,,,,
grid_USDJPY_conservative_or6_ktp1.0_ksl0.4_20250922_111455,runs/grid_USDJPY_conservative_or6_ktp1.0_ksl0.4_20250922_111455,20250922_111455,USDJPY,conservative,100000.0,6,1.0,0.4,,0.3,,,False,"LDN,NY",10,,,,,,,,30,14,-52.18285714285656,,,0.4666666666666667,-1.739428571428552,runs/grid_USDJPY_conservative_or6_ktp1.0_ksl0.4_20250922_111455/state.json,,,,,,,
grid_USDJPY_conservative_or6_ktp1.0_ksl0.6_20250922_111506,runs/grid_USDJPY_conservative_or6_ktp1.0_ksl0.6_20250922_111506,20250922_111506,USDJPY,conservative,100000.0,6,1.0,0.6,,0.3,,,False,"LDN,NY",10,,,,,,,,23,13,-24.647142857143024,,,0.5652173913043478,-1.0716149068323053,runs/grid_USDJPY_conservative_or6_ktp1.0_ksl0.6_20250922_111506/state.json,,,,,,,
grid_USDJPY_conservative_or4_ktp0.8_ksl0.4_20250922_111518,runs/grid_USDJPY_conservative_or4_ktp0.8_ksl0.4_20250922_111518,20250922_111518,USDJPY,conservative,100000.0,4,0.8,0.4,,0.3,,,False,"LDN,NY",10,,,,,,,,37,19,18.780000000004065,,,0.5135135135135135,0.5075675675676774,runs/grid_USDJPY_conservative_or4_ktp0.8_ksl0.4_20250922_111518/state.json,,,,,,,
grid_USDJPY_conservative_or4_ktp0.8_ksl0.6_20250922_111530,runs/grid_USDJPY_conservative_or4_ktp0.8_ksl0.6_20250922_111530,20250922_111530,USDJPY,conservative,100000.0,4,0.8,0.6,,0.3,,,False,"LDN,NY",10,,,,,,,,32,20,5.434285714288137,,,0.625,0.16982142857150428,runs/grid_USDJPY_conservative_or4_ktp0.8_ksl0.6_20250922_111530/state.json,,,,,,,
grid_USDJPY_conservative_or4_ktp1.0_ksl0.4_20250922_111541,runs/grid_USDJPY_conservative_or4_ktp1.0_ksl0.4_20250922_111541,20250922_111541,USDJPY,conservative,100000.0,4,1.0,0.4,,0.3,,,False,"LDN,NY",10,,,,,,,,35,16,4.344285714294642,,,0.45714285714285713,0.12412244897984692,runs/grid_USDJPY_conservative_or4_ktp1.0_ksl0.4_20250922_111541/state.json,,,,,,,
grid_USDJPY_conservative_or4_ktp1.0_ksl0.6_20250922_111553,runs/grid_USDJPY_conservative_or4_ktp1.0_ksl0.6_20250922_111553,20250922_111553,USDJPY,conservative,100000.0,4,1.0,0.6,,0.3,,,False,"LDN,NY",10,,,,,,,,36,20,-12.825714285714469,,,0.5555555555555556,-0.35626984126984634,runs/grid_USDJPY_conservative_or4_ktp1.0_ksl0.6_20250922_111553/state.json,,,,,,,
grid_USDJPY_conservative_or6_ktp0.8_ksl0.4_20250922_111604,runs/grid_USDJPY_conservative_or6_ktp0.8_ksl0.4_20250922_111604,20250922_111604,USDJPY,conservative,100000.0,6,0.8,0.4,,0.3,,,False,"LDN,NY",10,,,,,,,,23,12,-54.460000000000775,,,0.5217391304347826,-2.3678260869565553,runs/grid_USDJPY_conservative_or6_ktp0.8_ksl0.4_20250922_111604/state.json,,,,,,,
grid_USDJPY_conservative_or6_ktp0.8_ksl0.6_20250922_111615,runs/grid_USDJPY_conservative_or6_ktp0.8_ksl0.6_20250922_111615,20250922_111615,USDJPY,conservative,100000.0,6,0.8,0.6,,0.3,,,False,"LDN,NY",10,,,,,,,,26,16,-37.45857142856909,,,0.6153846153846154,-1.4407142857141957,runs/grid_USDJPY_conservative_or6_ktp0.8_ksl0.6_20250922_111615/state.json,,,,,,,
grid_USDJPY_conservative_or6_ktp1.0_ksl0.4_20250922_111627,runs/grid_USDJPY_conservative_or6_ktp1.0_ksl0.4_20250922_111627,20250922_111627,USDJPY,conservative,100000.0,6,1.0,0.4,,0.3,,,False,"LDN,NY",10,,,,,,,,30,14,-52.18285714285656,,,0.4666666666666667,-1.739428571428552,runs/grid_USDJPY_conservative_or6_ktp1.0_ksl0.4_20250922_111627/state.json,,,,,,,
grid_USDJPY_conservative_or6_ktp1.0_ksl0.6_20250922_111638,runs/grid_USDJPY_conservative_or6_ktp1.0_ksl0.6_20250922_111638,20250922_111638,USDJPY,conservative,100000.0,6,1.0,0.6,,0.3,,,False,"LDN,NY",10,,,,,,,,23,13,-24.647142857143024,,,0.5652173913043478,-1.0716149068323053,runs/grid_USDJPY_conservative_or6_ktp1.0_ksl0.6_20250922_111638/state.json,,,,,,,
grid_USDJPY_conservative_or4_ktp1.0_ksl0.6_20250922_112108,runs/grid_USDJPY_conservative_or4_ktp1.0_ksl0.6_20250922_112108,20250922_112108,USDJPY,conservative,100000.0,4,1.0,0.6,,0.3,,,False,"LDN,NY",10,,,,,,,,36,20,-12.825714285714469,,,0.5555555555555556,-0.35626984126984634,runs/grid_USDJPY_conservative_or4_ktp1.0_ksl0.6_20250922_112108/state.json,,,,,,,
grid_USDJPY_conservative_or4_ktp1.0_ksl0.6_20250922_112120,runs/grid_USDJPY_conservative_or4_ktp1.0_ksl0.6_20250922_112120,20250922_112120,USDJPY,conservative,100000.0,4,1.0,0.6,,0.3,,,False,"LDN,NY",10,,,,,,,,36,20,-12.825714285714469,,,0.5555555555555556,-0.35626984126984634,runs/grid_USDJPY_conservative_or4_ktp1.0_ksl0.6_20250922_112120/state.json,,,,,,,
grid_USDJPY_conservative_or4_ktp1.0_ksl0.6_20250922_112132,runs/grid_USDJPY_conservative_or4_ktp1.0_ksl0.6_20250922_112132,20250922_112132,USDJPY,conservative,100000.0,4,1.0,0.6,,0.3,,,False,"LDN,NY",10,,,,,,,,36,20,-12.825714285714469,,,0.5555555555555556,-0.35626984126984634,runs/grid_USDJPY_conservative_or4_ktp1.0_ksl0.6_20250922_112132/state.json,,,,,,,
grid_USDJPY_conservative_or4_ktp1.0_ksl0.6_20250922_112144,runs/grid_USDJPY_conservative_or4_ktp1.0_ksl0.6_20250922_112144,20250922_112144,USDJPY,conservative,100000.0,4,1.0,0.6,,0.3,,,False,"LDN,NY",10,,,,,,,,36,20,-12.825714285714469,,,0.5555555555555556,-0.35626984126984634,runs/grid_USDJPY_conservative_or4_ktp1.0_ksl0.6_20250922_112144/state.json,,,,,,,
USDJPY_conservative_20250922_143631,runs/USDJPY_conservative_20250922_143631,20250922_143631,USDJPY,conservative,100000.0,,,,,,,,False,"LDN,NY",,,,,,,,,108,73,-47.82571428570685,,,0.6759259259259259,-0.442830687830619,runs/USDJPY_conservative_20250922_143631/state.json,202031,197501,9,,,,
USDJPY_conservative_20250922_143714,runs/USDJPY_conservative_20250922_143714,20250922_143714,USDJPY,conservative,100000.0,,,,,,,,False,"LDN,NY",,,,,,,,,108,73,-47.82571428570685,,,0.6759259259259259,-0.442830687830619,runs/USDJPY_conservative_20250922_143714/state.json,202031,197501,9,,,,
USDJPY_conservative_20250922_143756,runs/USDJPY_conservative_20250922_143756,20250922_143756,USDJPY,conservative,100000.0,,,,,,,,False,"LDN,NY",,,,,,,,,108,73,-47.82571428570685,,,0.6759259259259259,-0.442830687830619,runs/USDJPY_conservative_20250922_143756/state.json,202031,197501,9,,,,
USDJPY_conservative_20250922_150418,runs/USDJPY_conservative_20250922_150418,20250922_150418,USDJPY,conservative,100000.0,,,,,,,,False,"LDN,NY",,,,,,,,,124,84,-59.21999999999014,,,0.6774193548387096,-0.4775806451612108,runs/USDJPY_conservative_20250922_150418/state.json,202034,196579,25,,ops/state_archive/day_orb_5m.DayORB5m/USDJPY/conservative/20250922_053631_USDJPY_conservative_20250922_143631.json,,
USDJPY_conservative_20250922_152942,runs/USDJPY_conservative_20250922_152942,20250922_152942,USDJPY,conservative,100000.0,,,,,,,,False,"LDN,NY",,,,,,,,,147,97,-26.324285714240204,,,0.6598639455782312,-0.1790767735662599,runs/USDJPY_conservative_20250922_152942/state.json,202099,195866,25,,ops/state_archive/day_orb_5m.DayORB5m/USDJPY/conservative/20250922_060418_USDJPY_conservative_20250922_150418.json,,configs/ev_profiles/day_orb_5m.yaml
USDJPY_conservative_20250922_153303,runs/USDJPY_conservative_20250922_153303,20250922_153303,USDJPY,conservative,100000.0,,,,,,,,False,"LDN,NY",,,,,,,,,189,124,2.1285714285874064,,,0.656084656084656,0.011262282690938659,runs/USDJPY_conservative_20250922_153303/state.json,202651,191626,25,,ops/state_archive/day_orb_5m.DayORB5m/USDJPY/conservative/20250922_062942_USDJPY_conservative_20250922_152942.json,,configs/ev_profiles/day_orb_5m.yaml
USDJPY_conservative_20250922_170854,runs/USDJPY_conservative_20250922_170854,20250922_170854,USDJPY,conservative,100000.0,,,,,,,,False,"LDN,NY",,,,,,,,,108,73,-47.82571428570685,,,0.6759259259259259,-0.442830687830619,runs/USDJPY_conservative_20250922_170854/state.json,202031,197501,9,,,,
USDJPY_conservative_20250922_170914,runs/USDJPY_conservative_20250922_170914,20250922_170914,USDJPY,conservative,100000.0,,,,,,,,False,"LDN,NY",,,,,,,,,536,347,361.09571428579625,,,0.6473880597014925,0.6736860341152915,runs/USDJPY_conservative_20250922_170914/state.json,202052,165516,25,,ops/state_archive/day_orb_5m.DayORB5m/USDJPY/conservative/20250922_063303_USDJPY_conservative_20250922_153303.json,,configs/ev_profiles/day_orb_5m.yaml
USDJPY_conservative_20250922_175708,runs/USDJPY_conservative_20250922_175708,20250922_175708,USDJPY,conservative,100000.0,,,,,,,,False,"LDN,NY",,,,,,,,,382,254,100.38857142857262,,,0.6649214659685864,0.26279730740464036,runs/USDJPY_conservative_20250922_175708/state.json,202393,177634,31,,ops/state_archive/day_orb_5m.DayORB5m/USDJPY/conservative/20250922_080914_USDJPY_conservative_20250922_170914.json,,configs/ev_profiles/day_orb_5m.yaml
USDJPY_conservative_20250923_202605,runs/USDJPY_conservative_20250923_202605,20250923_202605,USDJPY,conservative,100000.0,,,,,,,,False,"LDN,NY",,,,,,,,,138,93,-44.154285714278046,,,0.6739130434782609,-0.3199585921324496,runs/USDJPY_conservative_20250923_202605/state.json,203099,195524,31,,ops/state_archive/day_orb_5m.DayORB5m/USDJPY/conservative/20250922_085708_USDJPY_conservative_20250922_175708.json,,configs/ev_profiles/day_orb_5m.yaml
USDJPY_conservative_20250923_215717,runs/USDJPY_conservative_20250923_215717,20250923_215717,USDJPY,conservative,100000.0,,,,,,,,False,"LDN,NY",,,,,,,,,138,93,-44.45428571427806,,,0.6739130434782609,-0.32213250517592795,runs/USDJPY_conservative_20250923_215717/state.json,203077,195546,31,,ops/state_archive/day_orb_5m.DayORB5m/USDJPY/conservative/20250923_112605_USDJPY_conservative_20250923_202605.json,,configs/ev_profiles/day_orb_5m.yaml
USDJPY_conservative_20250923_221030,runs/USDJPY_conservative_20250923_221030,20250923_221030,USDJPY,conservative,100000.0,,,,,,,,False,"LDN,NY",,,,,,,,,197,128,184.78142857151732,,,0.649746192893401,0.9379767947792758,runs/USDJPY_conservative_20250923_221030/state.json,202082,192099,25,,ops/state_archive/day_orb_5m.DayORB5m/USDJPY/conservative/20250923_125717_USDJPY_conservative_20250923_215717.json,,configs/ev_profiles/day_orb_5m.yaml
USDJPY_conservative_20250929_224938,runs/USDJPY_conservative_20250929_224938,20250929_224938,USDJPY,conservative,100000.0,,,,,,,,False,"LDN,NY",,,,False,False,,,,122,83,-102.2971428571467,-1.385762040621163,-150.47285714286255,0.680327868852459,-0.8385011709602188,runs/USDJPY_conservative_20250929_224938/state.json,202271,196633,39,,ops/state_archive/day_orb_5m.DayORB5m/USDJPY/conservative/20250929_114922.json,,configs/ev_profiles/day_orb_5m.yaml
USDJPY_conservative_20250929_225056,runs/USDJPY_conservative_20250929_225056,20250929_225056,USDJPY,conservative,100000.0,,,,,,,,False,"LDN,NY",,,,False,False,,,,122,83,-102.2971428571467,-1.385762040621163,-150.47285714286255,0.680327868852459,-0.8385011709602188,runs/USDJPY_conservative_20250929_225056/state.json,202255,196649,39,,ops/state_archive/day_orb_5m.DayORB5m/USDJPY/conservative/20250929_134942.json,,configs/ev_profiles/day_orb_5m.yaml
USDJPY_conservative_20251001_212222,runs/USDJPY_conservative_20251001_212222,20251001_212222,USDJPY,conservative,100000.0,,,,,,,,False,"LDN,NY",,,,False,False,,,,122,83,-100.67142857143244,-1.3655637975442885,-148.8471428571483,0.680327868852459,-0.8251756440281348,runs/USDJPY_conservative_20251001_212222/state.json,225032,217248,39,,ops/state_archive/day_orb_5m.DayORB5m/USDJPY/conservative/20250929_135100.json,,configs/ev_profiles/day_orb_5m.yaml
